0000134F	                        	                                	X0=00000074396C5200 X1=0000000000000010 X2=00000073A6FCF920 X3=0067006F00730056 X4=00000073A6FCF930 X5=0000000000000018 X6=FF65FF6DFF71FF55 X7=7F7F7F7F7F7F7F7F X8=A83206868A9276E2 X9=A83206868A9276E2 X10=00000000FFFFFFFF X11=0000000000000000 X12=00000073B434C49C X13=00000073B434C4F0 X14=00000073B434C550 X15=0000000000000000 X16=00000073A697AB30 X17=0000007436F177C0 X18=0000000000000000 X19=000000003EF76E31 X20=0000000037B46FA6 X21=00000073A697B7D8 X22=00000073A697B854 X23=00000000F7CE9AAF X24=0000000068072EC4 X25=00000000DF484FD9 X26=00000000463452AB X27=000000005AF2EE2F X28=000000007E792A39 X29=0000007FE74625B0 X30=00000073A6947A00 SP=0000007FE74624F0 	

arg0 = 00000074396C5200
arg1 = 0000000000000010
arg2 = 00000073A6FCF920

0000134F	libhello_jni.so:std::string:::17988208825801258123+44C	STP             X28, X27, [SP,#-0x60]!	SP=0000007FE7462490     ; debug hex(0x7FE74624F0 - 0x60) = 0x7fe7462490L           	
0000134F	libhello_jni.so:std::string:::17988208825801258123+450	STP             X26, X25, [SP,#0x10]	                                        	
0000134F	libhello_jni.so:std::string:::17988208825801258123+454	STP             X24, X23, [SP,#0x20]	                                        	
0000134F	libhello_jni.so:std::string:::17988208825801258123+458	STP             X22, X21, [SP,#0x30]	                                        	
0000134F	libhello_jni.so:std::string:::17988208825801258123+45C	STP             X20, X19, [SP,#0x40]	                                        	
0000134F	libhello_jni.so:std::string:::17988208825801258123+460	STP             X29, X30, [SP,#0x50]	                                        	
0000134F	libhello_jni.so:std::string:::17988208825801258123+464	ADD             X29, SP, #0x50  	X29=0000007FE74624E0         ; debug            	
0000134F	libhello_jni.so:std::string:::17988208825801258123+468	SUB             SP, SP, #0x60   	SP=0000007FE7462430                     	
0000134F	libhello_jni.so:std::string:::17988208825801258123+46C	STP             X0, X1, [X29,#-0xA0]	                                        	
0000134F	libhello_jni.so:std::string:::17988208825801258123+470	MRS             X8, #3, c13, c0, #2	X8=0000007439826020                     	
0000134F	libhello_jni.so:std::string:::17988208825801258123+474	ADRP            X19, #off_73A697ACB0@PAGE	X19=00000073A697A000                    	
0000134F	libhello_jni.so:std::string:::17988208825801258123+478	ADRP            X20, #off_73A697ACA0@PAGE	X20=00000073A697A000                    	
0000134F	libhello_jni.so:std::string:::17988208825801258123+47C	LDR             X19, [X19,#off_73A697ACB0@PAGEOFF]	X19=00000073A697B760                    	
0000134F	libhello_jni.so:std::string:::17988208825801258123+480	LDR             X20, [X20,#off_73A697ACA0@PAGEOFF]	X20=00000073A697B75C                    	
0000134F	libhello_jni.so:std::string:::17988208825801258123+484	STUR            X8, [X29,#-0xA8]	                                        	
0000134F	libhello_jni.so:std::string:::17988208825801258123+488	LDR             X8, [X8,#0x28]  	X8=A83206868A9276E2                     	
0000134F	libhello_jni.so:std::string:::17988208825801258123+48C	MOV             W9, #0x6A86     	X9=0000000000006A86                     	
0000134F	libhello_jni.so:std::string:::17988208825801258123+490	MOV             W10, #0x3D68    	X10=0000000000003D68                    	
0000134F	libhello_jni.so:std::string:::17988208825801258123+494	MOV             W12, #0xE826    	X12=000000000000E826                    	
0000134F	libhello_jni.so:std::string:::17988208825801258123+498	STUR            X8, [X29,#-0x58]	                                        	
0000134F	libhello_jni.so:std::string:::17988208825801258123+49C	LDR             W8, [X19]       	X8=0000000000000000                     	
0000134F	libhello_jni.so:std::string:::17988208825801258123+4A0	MOV             W14, #0xCDA2    	X14=000000000000CDA2                    	
0000134F	libhello_jni.so:std::string:::17988208825801258123+4A4	MOV             W15, #0xEDCD    	X15=000000000000EDCD                    	
0000134F	libhello_jni.so:std::string:::17988208825801258123+4A8	MOV             W17, #0x6BA8    	X17=0000000000006BA8                    	
0000134F	libhello_jni.so:std::string:::17988208825801258123+4AC	SUB             W11, W8, #1     	X11=00000000FFFFFFFF                    	
0000134F	libhello_jni.so:std::string:::17988208825801258123+4B0	MADD            W8, W11, W8, WZR	                                        	
0000134F	libhello_jni.so:std::string:::17988208825801258123+4B4	LDR             W11, [X20]      	X11=0000000000000000                    	
0000134F	libhello_jni.so:std::string:::17988208825801258123+4B8	MVN             W8, W8          	X8=00000000FFFFFFFF                     	
0000134F	libhello_jni.so:std::string:::17988208825801258123+4BC	ORR             W8, W8, #0xFFFFFFFE	                                        	
0000134F	libhello_jni.so:std::string:::17988208825801258123+4C0	CMN             W8, #1          	                                        	
0000134F	libhello_jni.so:std::string:::17988208825801258123+4C4	MOV             W4, #0x729B     	X4=000000000000729B                     	
0000134F	libhello_jni.so:std::string:::17988208825801258123+4C8	MOV             W6, #0xB7B8     	X6=000000000000B7B8                     	
0000134F	libhello_jni.so:std::string:::17988208825801258123+4CC	MOV             W1, #0x8ED3     	X1=0000000000008ED3                     	
0000134F	libhello_jni.so:std::string:::17988208825801258123+4D0	MOV             W22, #0x6A85    	X22=0000000000006A85                    	
0000134F	libhello_jni.so:std::string:::17988208825801258123+4D4	MOV             W23, #0xE825    	X23=000000000000E825                    	
0000134F	libhello_jni.so:std::string:::17988208825801258123+4D8	MOV             W24, #0x4E08    	X24=0000000000004E08                    	
0000134F	libhello_jni.so:std::string:::17988208825801258123+4DC	MOV             W25, #0x4E09    	X25=0000000000004E09                    	
0000134F	libhello_jni.so:std::string:::17988208825801258123+4E0	MOV             W27, #0x4296    	X27=0000000000004296                    	
0000134F	libhello_jni.so:std::string:::17988208825801258123+4E4	CSET            W8, EQ          	X8=0000000000000001                     	
0000134F	libhello_jni.so:std::string:::17988208825801258123+4E8	CMP             W11, #0xA       	C=0 Z=0 N=1                             	
0000134F	libhello_jni.so:std::string:::17988208825801258123+4EC	MOV             W28, #0x4297    	X28=0000000000004297                    	
0000134F	libhello_jni.so:std::string:::17988208825801258123+4F0	MOV             W13, #0x1325    	X13=0000000000001325                    	
0000134F	libhello_jni.so:std::string:::17988208825801258123+4F4	MOV             W16, #0x7583    	X16=0000000000007583                    	
0000134F	libhello_jni.so:std::string:::17988208825801258123+4F8	MOV             W11, #0x7584    	X11=0000000000007584                    	
0000134F	libhello_jni.so:std::string:::17988208825801258123+4FC	MOV             W0, #0x3B4B     	X0=0000000000003B4B                     	
0000134F	libhello_jni.so:std::string:::17988208825801258123+500	MOV             W21, #0x3B4C    	X21=0000000000003B4C                    	
0000134F	libhello_jni.so:std::string:::17988208825801258123+504	MOV             W7, #0xA858     	X7=000000000000A858                     	
0000134F	libhello_jni.so:std::string:::17988208825801258123+508	MOV             X5, X2          	X5=00000073A6FCF920                     	
0000134F	libhello_jni.so:std::string:::17988208825801258123+50C	MOVK            W9, #0xF949,LSL#16	X9=00000000F9496A86                     	
0000134F	libhello_jni.so:std::string:::17988208825801258123+510	MOVK            W10, #0xD63E,LSL#16	X10=00000000D63E3D68                    	
0000134F	libhello_jni.so:std::string:::17988208825801258123+514	MOVK            W12, #0xC450,LSL#16	X12=00000000C450E826                    	
0000134F	libhello_jni.so:std::string:::17988208825801258123+518	MOVK            W14, #0xBBCE,LSL#16	X14=00000000BBCECDA2                    	
0000134F	libhello_jni.so:std::string:::17988208825801258123+51C	MOVK            W15, #0xA6C1,LSL#16	X15=00000000A6C1EDCD                    	
0000134F	libhello_jni.so:std::string:::17988208825801258123+520	MOVK            W17, #0x968B,LSL#16	X17=00000000968B6BA8                    	
0000134F	libhello_jni.so:std::string:::17988208825801258123+524	MOVK            W4, #0x9604,LSL#16	X4=000000009604729B                     	
0000134F	libhello_jni.so:std::string:::17988208825801258123+528	MOVK            W6, #0x5B3A,LSL#16	X6=000000005B3AB7B8                     	
0000134F	libhello_jni.so:std::string:::17988208825801258123+52C	MOVK            W1, #0x2B5A,LSL#16	X1=000000002B5A8ED3                     	
0000134F	libhello_jni.so:std::string:::17988208825801258123+530	MOVK            W22, #0xF949,LSL#16	X22=00000000F9496A85                    	
0000134F	libhello_jni.so:std::string:::17988208825801258123+534	MOVK            W23, #0xC450,LSL#16	X23=00000000C450E825                    	
0000134F	libhello_jni.so:std::string:::17988208825801258123+538	MOVK            W24, #0x980E,LSL#16	X24=00000000980E4E08                    	
0000134F	libhello_jni.so:std::string:::17988208825801258123+53C	MOVK            W25, #0x980E,LSL#16	X25=00000000980E4E09                    	
0000134F	libhello_jni.so:std::string:::17988208825801258123+540	MOVK            W27, #0xD0B9,LSL#16	X27=00000000D0B94296                    	
0000134F	libhello_jni.so:std::string:::17988208825801258123+544	MOVK            W28, #0xD0B9,LSL#16	X28=00000000D0B94297                    	
0000134F	libhello_jni.so:std::string:::17988208825801258123+548	STURB           W8, [X29,#-0x8A]	                                        	
0000134F	libhello_jni.so:std::string:::17988208825801258123+54C	CSET            W8, LT          	                                        	
0000134F	libhello_jni.so:std::string:::17988208825801258123+550	MOVK            W13, #0x40DA,LSL#16	X13=0000000040DA1325                    	
0000134F	libhello_jni.so:std::string:::17988208825801258123+554	MOVK            W16, #0x1C10,LSL#16	X16=000000001C107583                    	
0000134F	libhello_jni.so:std::string:::17988208825801258123+558	MOVK            W11, #0x1C10,LSL#16	X11=000000001C107584                    	
0000134F	libhello_jni.so:std::string:::17988208825801258123+55C	MOVK            W0, #0x558D,LSL#16	X0=00000000558D3B4B                     	
0000134F	libhello_jni.so:std::string:::17988208825801258123+560	MOVK            W21, #0x558D,LSL#16	X21=00000000558D3B4C                    	
0000134F	libhello_jni.so:std::string:::17988208825801258123+564	MOVK            W7, #0xCAC9,LSL#16	X7=00000000CAC9A858                     	
0000134F	libhello_jni.so:std::string:::17988208825801258123+568	STURB           W8, [X29,#-0x89]	                                        	
0000134F	libhello_jni.so:std::string:::17988208825801258123+56C	B               loc_73A6951154  	                                        	
0000134F	libhello_jni.so:loc_73A6951154	CMP             W7, W22         	                                        	
0000134F	libhello_jni.so:std::string:::17988208825801258123+5B4	B.GT            loc_73A6951198  	                                        	
0000134F	libhello_jni.so:std::string:::17988208825801258123+5B8	CMP             W7, W23         	C=1 N=0                                 	
0000134F	libhello_jni.so:std::string:::17988208825801258123+5BC	B.LE            loc_73A695120C  	                                        	
0000134F	libhello_jni.so:std::string:::17988208825801258123+5C0	CMP             W7, W27         	C=0 N=1                                 	
0000134F	libhello_jni.so:std::string:::17988208825801258123+5C4	B.LE            loc_73A6951238  	                                        	
0000134F	libhello_jni.so:loc_73A6951238	CMP             W7, W12         	C=1 N=0                                 	
0000134F	libhello_jni.so:std::string:::17988208825801258123+698	B.EQ            loc_73A6951114  	                                        	
0000134F	libhello_jni.so:std::string:::17988208825801258123+69C	MOV             W8, #0xA858     	X8=000000000000A858                     	
0000134F	libhello_jni.so:std::string:::17988208825801258123+6A0	MOVK            W8, #0xCAC9,LSL#16	X8=00000000CAC9A858                     	
0000134F	libhello_jni.so:std::string:::17988208825801258123+6A4	CMP             W7, W8          	Z=1                                     	
0000134F	libhello_jni.so:std::string:::17988208825801258123+6A8	B.EQ            loc_73A6951568  	                                        	
0000134F	libhello_jni.so:loc_73A6951568	LDURB           W7, [X29,#-0x8A]	X7=0000000000000001                     	
0000134F	libhello_jni.so:std::string:::17988208825801258123+9C8	LDURB           W2, [X29,#-0x89]	X2=0000000000000001                     	
0000134F	libhello_jni.so:std::string:::17988208825801258123+9CC	MVN             W30, W7         	X30=00000000FFFFFFFE                    	
0000134F	libhello_jni.so:std::string:::17988208825801258123+9D0	EOR             W7, W7, W2      	X7=0000000000000000                     	
0000134F	libhello_jni.so:std::string:::17988208825801258123+9D4	ORN             W2, W30, W2     	X2=00000000FFFFFFFE                     	
0000134F	libhello_jni.so:std::string:::17988208825801258123+9D8	ORN             W2, W7, W2      	X2=0000000000000001                     	
0000134F	libhello_jni.so:std::string:::17988208825801258123+9DC	TST             W2, #1          	C=0 Z=0                                 	
0000134F	libhello_jni.so:std::string:::17988208825801258123+9E0	CSEL            W7, W9, W10, NE 	X7=00000000F9496A86                     	
0000134F	libhello_jni.so:std::string:::17988208825801258123+9E4	B               loc_73A6951154  	                                        	
0000134F	libhello_jni.so:loc_73A6951154	CMP             W7, W22         	C=1                                     	
0000134F	libhello_jni.so:std::string:::17988208825801258123+5B4	B.GT            loc_73A6951198  	                                        	
0000134F	libhello_jni.so:loc_73A6951198	CMP             W7, W13         	N=1                                     	
0000134F	libhello_jni.so:std::string:::17988208825801258123+5F8	B.GT            loc_73A69511D8  	                                        	
0000134F	libhello_jni.so:std::string:::17988208825801258123+5FC	CMP             W7, W16         	                                        	
0000134F	libhello_jni.so:std::string:::17988208825801258123+600	B.LE            loc_73A6951264  	                                        	
0000134F	libhello_jni.so:loc_73A6951264	CMP             W7, W9          	Z=1 N=0                                 	
0000134F	libhello_jni.so:std::string:::17988208825801258123+6C4	B.EQ            loc_73A69515B0  	                                        	
0000134F	libhello_jni.so:loc_73A69515B0	SUB             X2, SP, #0x10   	X2=0000007FE7462420                     	
0000134F	libhello_jni.so:std::string:::17988208825801258123+A10	MOV             SP, X2          	SP=0000007FE7462420                     	
0000134F	libhello_jni.so:std::string:::17988208825801258123+A14	LDR             W7, [X19]       	X7=0000000000000000                     	
0000134F	libhello_jni.so:std::string:::17988208825801258123+A18	STUR            X2, [X29,#-0x88]	                                        	
0000134F	libhello_jni.so:std::string:::17988208825801258123+A1C	LDR             W2, [X20]       	X2=0000000000000000                     	
0000134F	libhello_jni.so:std::string:::17988208825801258123+A20	MOV             W8, #0x5700     	X8=0000000000005700                     	
0000134F	libhello_jni.so:std::string:::17988208825801258123+A24	NEG             W30, W7         	X30=0000000000000000                    	
0000134F	libhello_jni.so:std::string:::17988208825801258123+A28	MVN             W30, W30        	X30=00000000FFFFFFFF                    	
0000134F	libhello_jni.so:std::string:::17988208825801258123+A2C	MADD            W7, W30, W7, WZR	                                        	
0000134F	libhello_jni.so:std::string:::17988208825801258123+A30	EOR             W30, W7, #0xFFFFFFFE	X30=00000000FFFFFFFE                    	
0000134F	libhello_jni.so:std::string:::17988208825801258123+A34	TST             W30, W7         	C=0                                     	
0000134F	libhello_jni.so:std::string:::17988208825801258123+A38	CSET            W7, EQ          	X7=0000000000000001                     	
0000134F	libhello_jni.so:std::string:::17988208825801258123+A3C	CMP             W2, #0xA        	Z=0 N=1                                 	
0000134F	libhello_jni.so:std::string:::17988208825801258123+A40	CSET            W2, LT          	X2=0000000000000001                     	
0000134F	libhello_jni.so:std::string:::17988208825801258123+A44	AND             W30, W2, W7     	X30=0000000000000001                    	
0000134F	libhello_jni.so:std::string:::17988208825801258123+A48	EOR             W2, W2, W7      	X2=0000000000000000                     	
0000134F	libhello_jni.so:std::string:::17988208825801258123+A4C	ORR             W2, W30, W2     	X2=0000000000000001                     	
0000134F	libhello_jni.so:std::string:::17988208825801258123+A50	CMP             W2, #0          	C=1 N=0                                 	
0000134F	libhello_jni.so:std::string:::17988208825801258123+A54	MOVK            W8, #0x64B1,LSL#16	X8=0000000064B15700                     	
0000134F	libhello_jni.so:std::string:::17988208825801258123+A58	CSEL            W7, W8, W10, NE 	X7=0000000064B15700                     	
0000134F	libhello_jni.so:std::string:::17988208825801258123+A5C	B               loc_73A6951154  	                                        	
0000134F	libhello_jni.so:loc_73A6951154	CMP             W7, W22         	C=0                                     	
0000134F	libhello_jni.so:std::string:::17988208825801258123+5B4	B.GT            loc_73A6951198  	                                        	
0000134F	libhello_jni.so:loc_73A6951198	CMP             W7, W13         	C=1                                     	
0000134F	libhello_jni.so:std::string:::17988208825801258123+5F8	B.GT            loc_73A69511D8  	                                        	
0000134F	libhello_jni.so:loc_73A69511D8	CMP             W7, W0          	                                        	
0000134F	libhello_jni.so:std::string:::17988208825801258123+638	B.LE            loc_73A69512E4  	                                        	
0000134F	libhello_jni.so:std::string:::17988208825801258123+63C	CMP             W7, W21         	                                        	
0000134F	libhello_jni.so:std::string:::17988208825801258123+640	B.EQ            loc_73A695139C  	                                        	
0000134F	libhello_jni.so:std::string:::17988208825801258123+644	CMP             W7, W6          	                                        	
0000134F	libhello_jni.so:std::string:::17988208825801258123+648	B.EQ            loc_73A6951470  	                                        	
0000134F	libhello_jni.so:std::string:::17988208825801258123+64C	MOV             W8, #0x5700     	X8=0000000000005700                     	
0000134F	libhello_jni.so:std::string:::17988208825801258123+650	MOVK            W8, #0x64B1,LSL#16	X8=0000000064B15700                     	
0000134F	libhello_jni.so:std::string:::17988208825801258123+654	CMP             W7, W8          	Z=1                                     	
0000134F	libhello_jni.so:std::string:::17988208825801258123+658	B.NE            loc_73A6951154  	                                        	
0000134F	libhello_jni.so:std::string:::17988208825801258123+65C	MOV             W7, #0x1326     	X7=0000000000001326                     	
0000134F	libhello_jni.so:std::string:::17988208825801258123+660	MOVK            W7, #0x40DA,LSL#16	X7=0000000040DA1326                     	
0000134F	libhello_jni.so:std::string:::17988208825801258123+664	B               loc_73A6951154  	                                        	
0000134F	libhello_jni.so:loc_73A6951154	CMP             W7, W22         	C=0 Z=0                                 	
0000134F	libhello_jni.so:std::string:::17988208825801258123+5B4	B.GT            loc_73A6951198  	                                        	
0000134F	libhello_jni.so:loc_73A6951198	CMP             W7, W13         	C=1                                     	
0000134F	libhello_jni.so:std::string:::17988208825801258123+5F8	B.GT            loc_73A69511D8  	                                        	
0000134F	libhello_jni.so:loc_73A69511D8	CMP             W7, W0          	C=0 N=1                                 	
0000134F	libhello_jni.so:std::string:::17988208825801258123+638	B.LE            loc_73A69512E4  	                                        	
0000134F	libhello_jni.so:loc_73A69512E4	MOV             W8, #0x1326     	X8=0000000000001326                     	
0000134F	libhello_jni.so:std::string:::17988208825801258123+744	MOVK            W8, #0x40DA,LSL#16	X8=0000000040DA1326                     	
0000134F	libhello_jni.so:std::string:::17988208825801258123+748	CMP             W7, W8          	C=1 Z=1 N=0                             	
0000134F	libhello_jni.so:std::string:::17988208825801258123+74C	B.EQ            loc_73A6951604  	                                        	
0000134F	libhello_jni.so:loc_73A6951604	LDUR            X2, [X29,#-0x88]	X2=0000007FE7462420                     	
0000134F	libhello_jni.so:std::string:::17988208825801258123+A64	MOV             W7, #0xC11E     	X7=000000000000C11E                     	
0000134F	libhello_jni.so:std::string:::17988208825801258123+A68	MOVK            W7, #0xD41C,LSL#16	X7=00000000D41CC11E                     	
0000134F	libhello_jni.so:std::string:::17988208825801258123+A6C	STUR            X2, [X29,#-0x80]	                                        	
0000134F	libhello_jni.so:std::string:::17988208825801258123+A70	LDUR            X2, [X29,#-0x80]	                                        	
0000134F	libhello_jni.so:std::string:::17988208825801258123+A74	B               loc_73A6951154  	                                        	
0000134F	libhello_jni.so:loc_73A6951154	CMP             W7, W22         	C=0 Z=0 N=1                             	
0000134F	libhello_jni.so:std::string:::17988208825801258123+5B4	B.GT            loc_73A6951198  	                                        	
0000134F	libhello_jni.so:std::string:::17988208825801258123+5B8	CMP             W7, W23         	C=1 N=0                                 	
0000134F	libhello_jni.so:std::string:::17988208825801258123+5BC	B.LE            loc_73A695120C  	                                        	
0000134F	libhello_jni.so:std::string:::17988208825801258123+5C0	CMP             W7, W27         	                                        	
0000134F	libhello_jni.so:std::string:::17988208825801258123+5C4	B.LE            loc_73A6951238  	                                        	
0000134F	libhello_jni.so:std::string:::17988208825801258123+5C8	CMP             W7, W28         	                                        	
0000134F	libhello_jni.so:std::string:::17988208825801258123+5CC	B.EQ            loc_73A695143C  	                                        	
0000134F	libhello_jni.so:std::string:::17988208825801258123+5D0	MOV             W8, #0xC11E     	X8=000000000000C11E                     	
0000134F	libhello_jni.so:std::string:::17988208825801258123+5D4	MOVK            W8, #0xD41C,LSL#16	X8=00000000D41CC11E                     	
0000134F	libhello_jni.so:std::string:::17988208825801258123+5D8	CMP             W7, W8          	Z=1                                     	
0000134F	libhello_jni.so:std::string:::17988208825801258123+5DC	B.EQ            loc_73A695158C  	                                        	
0000134F	libhello_jni.so:loc_73A695158C	ADRP            X8, #xmmword_73A696E7B0@PAGE	X8=00000073A696E000                     	
0000134F	libhello_jni.so:std::string:::17988208825801258123+9EC	ADD             X8, X8, #xmmword_73A696E7B0@PAGEOFF	X8=00000073A696E7B0                     	
0000134F	libhello_jni.so:std::string:::17988208825801258123+9F0	LDUR            X2, [X29,#-0x80]	                                        	
0000134F	libhello_jni.so:std::string:::17988208825801258123+9F4	LDR             Q0, [X8]        	                                        	
0000134F	libhello_jni.so:std::string:::17988208825801258123+9F8	MOV             W7, #0x8ED3     	X7=0000000000008ED3                     	
0000134F	libhello_jni.so:std::string:::17988208825801258123+9FC	MOV             W26, WZR        	X26=0000000000000000                    	
0000134F	libhello_jni.so:std::string:::17988208825801258123+A00	MOVK            W7, #0x2B5A,LSL#16	X7=000000002B5A8ED3                     	
0000134F	libhello_jni.so:std::string:::17988208825801258123+A04	STR             Q0, [X2]        	                                        	
0000134F	libhello_jni.so:std::string:::17988208825801258123+A08	B               loc_73A6951154  	                                        	
0000134F	libhello_jni.so:loc_73A6951154	CMP             W7, W22         	C=0 Z=0                                 	
0000134F	libhello_jni.so:std::string:::17988208825801258123+5B4	B.GT            loc_73A6951198  	                                        	
0000134F	libhello_jni.so:loc_73A6951198	CMP             W7, W13         	N=1                                     	
0000134F	libhello_jni.so:std::string:::17988208825801258123+5F8	B.GT            loc_73A69511D8  	                                        	
0000134F	libhello_jni.so:std::string:::17988208825801258123+5FC	CMP             W7, W16         	C=1 N=0                                 	
0000134F	libhello_jni.so:std::string:::17988208825801258123+600	B.LE            loc_73A6951264  	                                        	
0000134F	libhello_jni.so:std::string:::17988208825801258123+604	CMP             W7, W11         	                                        	
0000134F	libhello_jni.so:std::string:::17988208825801258123+608	B.EQ            loc_73A695136C  	                                        	
0000134F	libhello_jni.so:std::string:::17988208825801258123+60C	CMP             W7, W1          	Z=1                                     	
0000134F	libhello_jni.so:std::string:::17988208825801258123+610	B.EQ            loc_73A6951448  	                                        	
0000134F	libhello_jni.so:loc_73A6951448	STUR            W26, [X29,#-0x5C]	                                        	
0000134F	libhello_jni.so:std::string:::17988208825801258123+8A8	LDURSW          X2, [X29,#-0x5C]	X2=0000000000000000                     	
0000134F	libhello_jni.so:std::string:::17988208825801258123+8AC	STUR            X2, [X29,#-0x78]	                                        	
0000134F	libhello_jni.so:std::string:::17988208825801258123+8B0	LDUR            X2, [X29,#-0x78]	                                        	
0000134F	libhello_jni.so:std::string:::17988208825801258123+8B4	LDUR            X8, [X29,#-0x98]	X8=0000000000000010                     	
0000134F	libhello_jni.so:std::string:::17988208825801258123+8B8	CMP             X2, X8          	C=0 Z=0 N=1                             	
0000134F	libhello_jni.so:std::string:::17988208825801258123+8BC	MOV             W8, #0x25D7     	X8=00000000000025D7                     	
0000134F	libhello_jni.so:std::string:::17988208825801258123+8C0	MOVK            W8, #0x4289,LSL#16	X8=00000000428925D7                     	
0000134F	libhello_jni.so:std::string:::17988208825801258123+8C4	CSEL            W7, W11, W8, CC 	X7=000000001C107584                     	
0000134F	libhello_jni.so:std::string:::17988208825801258123+8C8	B               loc_73A6951154  	                                        	
0000134F	libhello_jni.so:loc_73A6951154	CMP             W7, W22         	N=0                                     	
0000134F	libhello_jni.so:std::string:::17988208825801258123+5B4	B.GT            loc_73A6951198  	                                        	
0000134F	libhello_jni.so:loc_73A6951198	CMP             W7, W13         	N=1                                     	
0000134F	libhello_jni.so:std::string:::17988208825801258123+5F8	B.GT            loc_73A69511D8  	                                        	
0000134F	libhello_jni.so:std::string:::17988208825801258123+5FC	CMP             W7, W16         	C=1 N=0                                 	
0000134F	libhello_jni.so:std::string:::17988208825801258123+600	B.LE            loc_73A6951264  	                                        	
0000134F	libhello_jni.so:std::string:::17988208825801258123+604	CMP             W7, W11         	Z=1                                     	
0000134F	libhello_jni.so:std::string:::17988208825801258123+608	B.EQ            loc_73A695136C  	                                        	
0000134F	libhello_jni.so:loc_73A695136C	LDUR            W2, [X29,#-0x5C]	                                        	
0000134F	libhello_jni.so:std::string:::17988208825801258123+7CC	LDUR            X3, [X29,#-0x88]	X3=0000007FE7462420                     	
0000134F	libhello_jni.so:std::string:::17988208825801258123+7D0	MOV             W8, #0x87B1     	X8=00000000000087B1                     	
0000134F	libhello_jni.so:std::string:::17988208825801258123+7D4	MOVK            W8, #0x786F,LSL#16	X8=00000000786F87B1                     	
0000134F	libhello_jni.so:std::string:::17988208825801258123+7D8	ORN             W7, W8, W8      	X7=00000000FFFFFFFF                     	
0000134F	libhello_jni.so:std::string:::17988208825801258123+7DC	AND             W2, W2, #0xF    	                                        	
0000134F	libhello_jni.so:std::string:::17988208825801258123+7E0	AND             X2, X2, X7      	                                        	
0000134F	libhello_jni.so:std::string:::17988208825801258123+7E4	LDRB            W2, [X3,X2]     	X2=0000000000000037      ; debug 0000007FE7462420[0]   全局变量           	
0000134F	libhello_jni.so:std::string:::17988208825801258123+7E8	MOV             W7, #0xB514     	X7=000000000000B514                     	
0000134F	libhello_jni.so:std::string:::17988208825801258123+7EC	MOVK            W7, #0x1579,LSL#16	X7=000000001579B514                     	
0000134F	libhello_jni.so:std::string:::17988208825801258123+7F0	STURB           W2, [X29,#-0x70]	                         ; debug  [X29,#-0x70] = W2              	
0000134F	libhello_jni.so:std::string:::17988208825801258123+7F4	B               loc_73A6951154  	                                        	
0000134F	libhello_jni.so:loc_73A6951154	CMP             W7, W22         	C=0 Z=0                                 	
0000134F	libhello_jni.so:std::string:::17988208825801258123+5B4	B.GT            loc_73A6951198  	                                        	
0000134F	libhello_jni.so:loc_73A6951198	CMP             W7, W13         	N=1                                     	
0000134F	libhello_jni.so:std::string:::17988208825801258123+5F8	B.GT            loc_73A69511D8  	                                        	
0000134F	libhello_jni.so:std::string:::17988208825801258123+5FC	CMP             W7, W16         	                                        	
0000134F	libhello_jni.so:std::string:::17988208825801258123+600	B.LE            loc_73A6951264  	                                        	
0000134F	libhello_jni.so:loc_73A6951264	CMP             W7, W9          	N=0                                     	
0000134F	libhello_jni.so:std::string:::17988208825801258123+6C4	B.EQ            loc_73A69515B0  	                                        	
0000134F	libhello_jni.so:std::string:::17988208825801258123+6C8	MOV             W8, #0xB514     	X8=000000000000B514                     	
0000134F	libhello_jni.so:std::string:::17988208825801258123+6CC	MOVK            W8, #0x1579,LSL#16	X8=000000001579B514                     	
0000134F	libhello_jni.so:std::string:::17988208825801258123+6D0	CMP             W7, W8          	C=1 Z=1                                 	
0000134F	libhello_jni.so:std::string:::17988208825801258123+6D4	B.NE            loc_73A6951154  	                                        	
0000134F	libhello_jni.so:std::string:::17988208825801258123+6D8	LDUR            X2, [X29,#-0x78]	X2=0000000000000000                     	
0000134F	libhello_jni.so:std::string:::17988208825801258123+6DC	LDUR            X8, [X29,#-0xA0]	X8=00000074396C5200                     	
0000134F	libhello_jni.so:std::string:::17988208825801258123+6E0	MOV             W30, #0x25      	X30=0000000000000025                    	
0000134F	libhello_jni.so:std::string:::17988208825801258123+6E4	LDRB            W2, [X8,X2]     	X2=0000000000000030          ; debug input_str[0]           	
0000134F	libhello_jni.so:std::string:::17988208825801258123+6E8	LDURB           W3, [X29,#-0x70]	X3=0000000000000037          ; debug W3 = [X29,#-0x70]            	
0000134F	libhello_jni.so:std::string:::17988208825801258123+6EC	MOV             W8, #0xDA       	X8=00000000000000DA                     	
0000134F	libhello_jni.so:std::string:::17988208825801258123+6F0	BIC             W7, W8, W2      	X7=00000000000000CA                     	
0000134F	libhello_jni.so:std::string:::17988208825801258123+6F4	STUR            W3, [X29,#-0x6C]	                             ; debug W3 =  0x37           	
0000134F	libhello_jni.so:std::string:::17988208825801258123+6F8	LDUR            W3, [X29,#-0x6C]	                                        	
0000134F	libhello_jni.so:std::string:::17988208825801258123+6FC	AND             W2, W2, W30     	X2=0000000000000020            ; debug W2 = 0x30 & 0x25         	
0000134F	libhello_jni.so:std::string:::17988208825801258123+700	ORR             W2, W7, W2      	X2=00000000000000EA            ; debug W2 = 0xCA | 0x20          	
0000134F	libhello_jni.so:std::string:::17988208825801258123+704	BIC             W7, W8, W3      	X7=00000000000000C8            ; debug W7 = 0xDA & (~0x37)         	
0000134F	libhello_jni.so:std::string:::17988208825801258123+708	AND             W3, W3, W30     	X3=0000000000000025            ; debug W3 = 0x37 & 0x25         	
0000134F	libhello_jni.so:std::string:::17988208825801258123+70C	ORR             W3, W7, W3      	X3=00000000000000ED            ; debug W3 = W7 | W3 = 0xC8 | 0x25         	
0000134F	libhello_jni.so:std::string:::17988208825801258123+710	EOR             W2, W2, W3      	X2=0000000000000007            ; debug W2 = W2 ^ W3 = 0xEA ^ 0xED          	
0000134F	libhello_jni.so:std::string:::17988208825801258123+714	STURB           W2, [X29,#-0x68]	                               ; debug [X29,#-0x68] = W2 = 0x07         	
0000134F	libhello_jni.so:std::string:::17988208825801258123+718	LDUR            W2, [X29,#-0x5C]	X2=0000000000000000                     	
0000134F	libhello_jni.so:std::string:::17988208825801258123+71C	ADRP            X8, #a9d9107e02f0f07@PAGE; \"9d9107e02f0f07984956767ab1ac87e5\"	X8=00000073A697B000                     	
0000134F	libhello_jni.so:std::string:::17988208825801258123+720	ADD             X8, X8, #a9d9107e02f0f07@PAGEOFF; \"9d9107e02f0f07984956767ab1ac87e5\"	X8=00000073A697B1A0                     	
0000134F	libhello_jni.so:std::string:::17988208825801258123+724	MOV             W7, #0x4E09     	X7=0000000000004E09                     	
0000134F	libhello_jni.so:std::string:::17988208825801258123+728	EOR             W3, W2, #0xFFFFFFF8	X3=00000000FFFFFFF8       ; debug W3 = 0 ^ 0xFFFFFFF8       	
0000134F	libhello_jni.so:std::string:::17988208825801258123+72C	AND             X2, X3, X2      	                          ; debug X2 = 0xFFFFFFF8 & 0              	
0000134F	libhello_jni.so:std::string:::17988208825801258123+730	LDRB            W2, [X8,X2]     	X2=0000000000000039       ; debug W2 = X8[X2]                	
0000134F	libhello_jni.so:std::string:::17988208825801258123+734	MOVK            W7, #0x980E,LSL#16	X7=00000000980E4E09                     	
0000134F	libhello_jni.so:std::string:::17988208825801258123+738	STURB           W2, [X29,#-0x64]	                          ; debug   W2 = 0x39            	
0000134F	libhello_jni.so:std::string:::17988208825801258123+73C	B               loc_73A6951154  	                                        	
0000134F	libhello_jni.so:loc_73A6951154	CMP             W7, W22         	C=0 Z=0 N=1                             	
0000134F	libhello_jni.so:std::string:::17988208825801258123+5B4	B.GT            loc_73A6951198  	                                        	
0000134F	libhello_jni.so:std::string:::17988208825801258123+5B8	CMP             W7, W23         	                                        	
0000134F	libhello_jni.so:std::string:::17988208825801258123+5BC	B.LE            loc_73A695120C  	                                        	
0000134F	libhello_jni.so:loc_73A695120C	CMP             W7, W24         	C=1 N=0                                 	
0000134F	libhello_jni.so:std::string:::17988208825801258123+66C	B.LE            loc_73A6951350  	                                        	
0000134F	libhello_jni.so:std::string:::17988208825801258123+670	CMP             W7, W25         	Z=1                                     	
0000134F	libhello_jni.so:std::string:::17988208825801258123+674	B.EQ            loc_73A69513F4  	                                        	
0000134F	libhello_jni.so:loc_73A69513F4	LDR             W2, [X20]       	X2=0000000000000000                     	
0000134F	libhello_jni.so:std::string:::17988208825801258123+854	LDR             W3, [X19]       	X3=0000000000000000                     	
0000134F	libhello_jni.so:std::string:::17988208825801258123+858	MOV             W8, #0xF041     	X8=000000000000F041                     	
0000134F	libhello_jni.so:std::string:::17988208825801258123+85C	MOVK            W8, #0xD335,LSL#16	X8=00000000D335F041                     	
0000134F	libhello_jni.so:std::string:::17988208825801258123+860	CMP             W2, #9          	C=0 Z=0 N=1                             	
0000134F	libhello_jni.so:std::string:::17988208825801258123+864	SUB             W2, W3, #1      	X2=00000000FFFFFFFF                     	
0000134F	libhello_jni.so:std::string:::17988208825801258123+868	ORN             W7, W8, W8      	X7=00000000FFFFFFFF                     	
0000134F	libhello_jni.so:std::string:::17988208825801258123+86C	MADD            W2, W2, W3, WZR 	X2=0000000000000000                     	
0000134F	libhello_jni.so:std::string:::17988208825801258123+870	AND             W2, W2, W7      	                                        	
0000134F	libhello_jni.so:std::string:::17988208825801258123+874	CSET            W3, GT          	                                        	
0000134F	libhello_jni.so:std::string:::17988208825801258123+878	AND             W2, W2, #1      	                                        	
0000134F	libhello_jni.so:std::string:::17988208825801258123+87C	EOR             W7, W3, W2      	X7=0000000000000000                     	
0000134F	libhello_jni.so:std::string:::17988208825801258123+880	ORR             W2, W3, W2      	                                        	
0000134F	libhello_jni.so:std::string:::17988208825801258123+884	EOR             W2, W2, #1      	X2=0000000000000001                     	
0000134F	libhello_jni.so:std::string:::17988208825801258123+888	ORR             W2, W7, W2      	                                        	
0000134F	libhello_jni.so:std::string:::17988208825801258123+88C	CMP             W2, #0          	C=1 N=0                                 	
0000134F	libhello_jni.so:std::string:::17988208825801258123+890	CSEL            W7, W6, W4, NE  	X7=000000005B3AB7B8                     	
0000134F	libhello_jni.so:std::string:::17988208825801258123+894	B               loc_73A6951154  	                                        	
0000134F	libhello_jni.so:loc_73A6951154	CMP             W7, W22         	C=0                                     	
0000134F	libhello_jni.so:std::string:::17988208825801258123+5B4	B.GT            loc_73A6951198  	                                        	
0000134F	libhello_jni.so:loc_73A6951198	CMP             W7, W13         	C=1                                     	
0000134F	libhello_jni.so:std::string:::17988208825801258123+5F8	B.GT            loc_73A69511D8  	                                        	
0000134F	libhello_jni.so:loc_73A69511D8	CMP             W7, W0          	                                        	
0000134F	libhello_jni.so:std::string:::17988208825801258123+638	B.LE            loc_73A69512E4  	                                        	
0000134F	libhello_jni.so:std::string:::17988208825801258123+63C	CMP             W7, W21         	                                        	
0000134F	libhello_jni.so:std::string:::17988208825801258123+640	B.EQ            loc_73A695139C  	                                        	
0000134F	libhello_jni.so:std::string:::17988208825801258123+644	CMP             W7, W6          	Z=1                                     	
0000134F	libhello_jni.so:std::string:::17988208825801258123+648	B.EQ            loc_73A6951470  	                                        	
0000134F	libhello_jni.so:loc_73A6951470	LDURB           W2, [X29,#-0x64]	X2=0000000000000039                     	; debug W2 = X29[-0x64]  字符串 9d9107e02f0f07984956767ab1ac87e5
0000134F	libhello_jni.so:std::string:::17988208825801258123+8D0	LDURB           W3, [X29,#-0x68]	X3=0000000000000007  ; debug W3 =  X29[-0x68]  
0000134F	libhello_jni.so:std::string:::17988208825801258123+8D4	LDUR            W7, [X29,#-0x6C]	X7=0000000000000037  ; debug W7 =  X29[-0x6C]  0x37, 0x92, 0x44, 0x68, 0xA5, 0x3D, 0xCC, 0x7F, 0xBB, 0xF, 0xD9, 0x88, 0xEE, 0x9A, 0xE9, 0x5A                	                	
0000134F	libhello_jni.so:std::string:::17988208825801258123+8D8	LDUR            W30, [X29,#-0x6C]	X30=0000000000000037  ; debug W30 = X29[-0x6C]                  	
0000134F	libhello_jni.so:std::string:::17988208825801258123+8DC	LDUR            X8, [X29,#-0x78]	X8=0000000000000000                     	
0000134F	libhello_jni.so:std::string:::17988208825801258123+8E0	BIC             W1, W2, W3      	X1=0000000000000038     ; debug W1 = W2 & (~W3) = 0x39 & (~0x07)                 	
0000134F	libhello_jni.so:std::string:::17988208825801258123+8E4	BIC             W3, W3, W2      	X3=0000000000000006                     	
0000134F	libhello_jni.so:std::string:::17988208825801258123+8E8	MOV             X9, X5          	X9=00000073A6FCF920                     	
0000134F	libhello_jni.so:std::string:::17988208825801258123+8EC	BIC             W5, W30, W2     	X5=0000000000000006     ; debug W5 = W30 & (~W2) = 0x37 & (~0x39)               	
0000134F	libhello_jni.so:std::string:::17988208825801258123+8F0	BIC             W2, W2, W30     	X2=0000000000000008     ; debug W2 = W2 & (~W30) = 0x39 & (~0x37)                	
0000134F	libhello_jni.so:std::string:::17988208825801258123+8F4	ORR             W1, W1, W3      	X1=000000000000003E     ; debug W1 = W1 | W3 = 0x38 | 0x06                	
0000134F	libhello_jni.so:std::string:::17988208825801258123+8F8	ORR             W2, W5, W2      	X2=000000000000000E     ; debug W2 = W5 | W2 = 0x06 | 0x08                 	
0000134F	libhello_jni.so:std::string:::17988208825801258123+8FC	ADD             W1, W1, W7      	X1=0000000000000075     ; debug W1 = W1 + W7 = 0x3E + 0x37                	
0000134F	libhello_jni.so:std::string:::17988208825801258123+900	BIC             W3, W1, W2      	X3=0000000000000071     ; debug W3 = W1 & (~W2) = 0x75 & (~0x0E)              	
0000134F	libhello_jni.so:std::string:::17988208825801258123+904	BIC             W1, W2, W1      	X1=000000000000000A     ; debug W1 = W2 & (~W1) = 0x0E & (~0x75)               	
0000134F	libhello_jni.so:std::string:::17988208825801258123+908	MOV             X5, X9          	X5=00000073A6FCF920                     	
0000134F	libhello_jni.so:std::string:::17988208825801258123+90C	ORR             W1, W3, W1      	X1=000000000000007B      ; debug W1 = W3 | W1 = 71 | 0A
0000134F	libhello_jni.so:std::string:::17988208825801258123+910	STRB            W1, [X5,X8]     	                         ; debug result X5[X8] = (byte)W1        	
0000134F	libhello_jni.so:std::string:::17988208825801258123+914	LDUR            W8, [X29,#-0x5C]	                                        	
0000134F	libhello_jni.so:std::string:::17988208825801258123+918	LDR             W2, [X19]       	X2=0000000000000000                     	
0000134F	libhello_jni.so:std::string:::17988208825801258123+91C	MOV             W1, #0xBC18     	X1=000000000000BC18                     	
0000134F	libhello_jni.so:std::string:::17988208825801258123+920	MOVK            W1, #0x9609,LSL#16	X1=000000009609BC18                     	
0000134F	libhello_jni.so:std::string:::17988208825801258123+924	ADD             W8, W8, #1      	X8=0000000000000001                     	
0000134F	libhello_jni.so:std::string:::17988208825801258123+928	LDR             W3, [X20]       	X3=0000000000000000                     	
0000134F	libhello_jni.so:std::string:::17988208825801258123+92C	STUR            W8, [X29,#-0x60]	                                        	
0000134F	libhello_jni.so:std::string:::17988208825801258123+930	SUB             W8, W2, #1      	X8=00000000FFFFFFFF                     	
0000134F	libhello_jni.so:std::string:::17988208825801258123+934	ORN             W1, W1, W1      	X1=00000000FFFFFFFF                     	
0000134F	libhello_jni.so:std::string:::17988208825801258123+938	MADD            W8, W8, W2, WZR 	X8=0000000000000000                     	
0000134F	libhello_jni.so:std::string:::17988208825801258123+93C	AND             W8, W8, W1      	                                        	
0000134F	libhello_jni.so:std::string:::17988208825801258123+940	TST             W8, #1          	C=0                                     	
0000134F	libhello_jni.so:std::string:::17988208825801258123+944	CSET            W8, EQ          	X8=0000000000000001                     	
0000134F	libhello_jni.so:std::string:::17988208825801258123+948	CMP             W3, #0xA        	Z=0 N=1                                 	
0000134F	libhello_jni.so:std::string:::17988208825801258123+94C	CSET            W1, LT          	X1=0000000000000001                     	
0000134F	libhello_jni.so:std::string:::17988208825801258123+950	AND             W2, W1, W8      	X2=0000000000000001                     	
0000134F	libhello_jni.so:std::string:::17988208825801258123+954	EOR             W8, W1, W8      	X8=0000000000000000                     	
0000134F	libhello_jni.so:std::string:::17988208825801258123+958	ORR             W8, W2, W8      	X8=0000000000000001                     	
0000134F	libhello_jni.so:std::string:::17988208825801258123+95C	CMP             W8, #0          	C=1 N=0                                 	
0000134F	libhello_jni.so:std::string:::17988208825801258123+960	MOV             W8, #0x53F9     	X8=00000000000053F9                     	
0000134F	libhello_jni.so:std::string:::17988208825801258123+964	MOV             W9, #0x6A86     	X9=0000000000006A86                     	
0000134F	libhello_jni.so:std::string:::17988208825801258123+968	MOV             W1, #0x8ED3     	X1=0000000000008ED3                     	
0000134F	libhello_jni.so:std::string:::17988208825801258123+96C	MOVK            W8, #0x37B5,LSL#16	X8=0000000037B553F9                     	
0000134F	libhello_jni.so:std::string:::17988208825801258123+970	MOVK            W9, #0xF949,LSL#16	X9=00000000F9496A86                     	
0000134F	libhello_jni.so:std::string:::17988208825801258123+974	MOVK            W1, #0x2B5A,LSL#16	X1=000000002B5A8ED3                     	
0000134F	libhello_jni.so:std::string:::17988208825801258123+978	CSEL            W7, W8, W4, NE  	X7=0000000037B553F9                     	
0000134F	libhello_jni.so:std::string:::17988208825801258123+97C	B               loc_73A6951154  	                                        	
0000134F	libhello_jni.so:loc_73A6951154	CMP             W7, W22         	C=0                                     	
0000134F	libhello_jni.so:std::string:::17988208825801258123+5B4	B.GT            loc_73A6951198  	                                        	
0000134F	libhello_jni.so:loc_73A6951198	CMP             W7, W13         	N=1                                     	
0000134F	libhello_jni.so:std::string:::17988208825801258123+5F8	B.GT            loc_73A69511D8  	                                        	
0000134F	libhello_jni.so:std::string:::17988208825801258123+5FC	CMP             W7, W16         	C=1 N=0                                 	
0000134F	libhello_jni.so:std::string:::17988208825801258123+600	B.LE            loc_73A6951264  	                                        	
0000134F	libhello_jni.so:std::string:::17988208825801258123+604	CMP             W7, W11         	                                        	
0000134F	libhello_jni.so:std::string:::17988208825801258123+608	B.EQ            loc_73A695136C  	                                        	
0000134F	libhello_jni.so:std::string:::17988208825801258123+60C	CMP             W7, W1          	                                        	
0000134F	libhello_jni.so:std::string:::17988208825801258123+610	B.EQ            loc_73A6951448  	                                        	
0000134F	libhello_jni.so:std::string:::17988208825801258123+614	MOV             W8, #0x53F9     	X8=00000000000053F9                     	
0000134F	libhello_jni.so:std::string:::17988208825801258123+618	MOVK            W8, #0x37B5,LSL#16	X8=0000000037B553F9                     	
0000134F	libhello_jni.so:std::string:::17988208825801258123+61C	CMP             W7, W8          	Z=1                                     	
0000134F	libhello_jni.so:std::string:::17988208825801258123+620	B.NE            loc_73A6951154  	                                        	
0000134F	libhello_jni.so:std::string:::17988208825801258123+624	LDUR            W26, [X29,#-0x60]	X26=0000000000000001                    	
0000134F	libhello_jni.so:std::string:::17988208825801258123+628	MOV             W7, #0x8ED3     	X7=0000000000008ED3                     	
0000134F	libhello_jni.so:std::string:::17988208825801258123+62C	MOVK            W7, #0x2B5A,LSL#16	X7=000000002B5A8ED3                     	
0000134F	libhello_jni.so:std::string:::17988208825801258123+630	B               loc_73A6951154  	                                        	
0000134F	libhello_jni.so:loc_73A6951154	CMP             W7, W22         	C=0 Z=0                                 	
0000134F	libhello_jni.so:std::string:::17988208825801258123+5B4	B.GT            loc_73A6951198  	                                        	
0000134F	libhello_jni.so:loc_73A6951198	CMP             W7, W13         	N=1                                     	
0000134F	libhello_jni.so:std::string:::17988208825801258123+5F8	B.GT            loc_73A69511D8  	                                        	
0000134F	libhello_jni.so:std::string:::17988208825801258123+5FC	CMP             W7, W16         	C=1 N=0                                 	
0000134F	libhello_jni.so:std::string:::17988208825801258123+600	B.LE            loc_73A6951264  	                                        	
0000134F	libhello_jni.so:std::string:::17988208825801258123+604	CMP             W7, W11         	                                        	
0000134F	libhello_jni.so:std::string:::17988208825801258123+608	B.EQ            loc_73A695136C  	                                        	
0000134F	libhello_jni.so:std::string:::17988208825801258123+60C	CMP             W7, W1          	Z=1                                     	
0000134F	libhello_jni.so:std::string:::17988208825801258123+610	B.EQ            loc_73A6951448  	                                        	
0000134F	libhello_jni.so:loc_73A6951448	STUR            W26, [X29,#-0x5C]	                                        	
0000134F	libhello_jni.so:std::string:::17988208825801258123+8A8	LDURSW          X2, [X29,#-0x5C]	                                        	
0000134F	libhello_jni.so:std::string:::17988208825801258123+8AC	STUR            X2, [X29,#-0x78]	                                        	
0000134F	libhello_jni.so:std::string:::17988208825801258123+8B0	LDUR            X2, [X29,#-0x78]	                                        	
0000134F	libhello_jni.so:std::string:::17988208825801258123+8B4	LDUR            X8, [X29,#-0x98]	X8=0000000000000010                     	
0000134F	libhello_jni.so:std::string:::17988208825801258123+8B8	CMP             X2, X8          	C=0 Z=0 N=1                             	
0000134F	libhello_jni.so:std::string:::17988208825801258123+8BC	MOV             W8, #0x25D7     	X8=00000000000025D7                     	
0000134F	libhello_jni.so:std::string:::17988208825801258123+8C0	MOVK            W8, #0x4289,LSL#16	X8=00000000428925D7                     	
0000134F	libhello_jni.so:std::string:::17988208825801258123+8C4	CSEL            W7, W11, W8, CC 	X7=000000001C107584                     	
0000134F	libhello_jni.so:std::string:::17988208825801258123+8C8	B               loc_73A6951154  	                                        	
0000134F	libhello_jni.so:loc_73A6951154	CMP             W7, W22         	N=0                                     	
0000134F	libhello_jni.so:std::string:::17988208825801258123+5B4	B.GT            loc_73A6951198  	                                        	
0000134F	libhello_jni.so:loc_73A6951198	CMP             W7, W13         	N=1                                     	
0000134F	libhello_jni.so:std::string:::17988208825801258123+5F8	B.GT            loc_73A69511D8  	                                        	
0000134F	libhello_jni.so:std::string:::17988208825801258123+5FC	CMP             W7, W16         	C=1 N=0                                 	
0000134F	libhello_jni.so:std::string:::17988208825801258123+600	B.LE            loc_73A6951264  	                                        	
0000134F	libhello_jni.so:std::string:::17988208825801258123+604	CMP             W7, W11         	Z=1                                     	
0000134F	libhello_jni.so:std::string:::17988208825801258123+608	B.EQ            loc_73A695136C  	                                        	
0000134F	libhello_jni.so:loc_73A695136C	LDUR            W2, [X29,#-0x5C]	                                        	
0000134F	libhello_jni.so:std::string:::17988208825801258123+7CC	LDUR            X3, [X29,#-0x88]	X3=0000007FE7462420                     	
0000134F	libhello_jni.so:std::string:::17988208825801258123+7D0	MOV             W8, #0x87B1     	X8=00000000000087B1                     	
0000134F	libhello_jni.so:std::string:::17988208825801258123+7D4	MOVK            W8, #0x786F,LSL#16	X8=00000000786F87B1                     	
0000134F	libhello_jni.so:std::string:::17988208825801258123+7D8	ORN             W7, W8, W8      	X7=00000000FFFFFFFF                     	
0000134F	libhello_jni.so:std::string:::17988208825801258123+7DC	AND             W2, W2, #0xF    	                                        	
0000134F	libhello_jni.so:std::string:::17988208825801258123+7E0	AND             X2, X2, X7      	                                        	
0000134F	libhello_jni.so:std::string:::17988208825801258123+7E4	LDRB            W2, [X3,X2]     	X2=0000000000000092                     	
0000134F	libhello_jni.so:std::string:::17988208825801258123+7E8	MOV             W7, #0xB514     	X7=000000000000B514                     	
0000134F	libhello_jni.so:std::string:::17988208825801258123+7EC	MOVK            W7, #0x1579,LSL#16	X7=000000001579B514                     	
0000134F	libhello_jni.so:std::string:::17988208825801258123+7F0	STURB           W2, [X29,#-0x70]	                                        	
0000134F	libhello_jni.so:std::string:::17988208825801258123+7F4	B               loc_73A6951154  	                                        	
0000134F	libhello_jni.so:loc_73A6951154	CMP             W7, W22         	C=0 Z=0                                 	
0000134F	libhello_jni.so:std::string:::17988208825801258123+5B4	B.GT            loc_73A6951198  	                                        	
0000134F	libhello_jni.so:loc_73A6951198	CMP             W7, W13         	N=1                                     	
0000134F	libhello_jni.so:std::string:::17988208825801258123+5F8	B.GT            loc_73A69511D8  	                                        	
0000134F	libhello_jni.so:std::string:::17988208825801258123+5FC	CMP             W7, W16         	                                        	
0000134F	libhello_jni.so:std::string:::17988208825801258123+600	B.LE            loc_73A6951264  	                                        	
0000134F	libhello_jni.so:loc_73A6951264	CMP             W7, W9          	N=0                                     	
0000134F	libhello_jni.so:std::string:::17988208825801258123+6C4	B.EQ            loc_73A69515B0  	                                        	
0000134F	libhello_jni.so:std::string:::17988208825801258123+6C8	MOV             W8, #0xB514     	X8=000000000000B514                     	
0000134F	libhello_jni.so:std::string:::17988208825801258123+6CC	MOVK            W8, #0x1579,LSL#16	X8=000000001579B514                     	
0000134F	libhello_jni.so:std::string:::17988208825801258123+6D0	CMP             W7, W8          	C=1 Z=1                                 	
0000134F	libhello_jni.so:std::string:::17988208825801258123+6D4	B.NE            loc_73A6951154  	                                        	
0000134F	libhello_jni.so:std::string:::17988208825801258123+6D8	LDUR            X2, [X29,#-0x78]	X2=0000000000000001                     	
0000134F	libhello_jni.so:std::string:::17988208825801258123+6DC	LDUR            X8, [X29,#-0xA0]	X8=00000074396C5200                     	
0000134F	libhello_jni.so:std::string:::17988208825801258123+6E0	MOV             W30, #0x25      	X30=0000000000000025                    	
0000134F	libhello_jni.so:std::string:::17988208825801258123+6E4	LDRB            W2, [X8,X2]     	X2=0000000000000031                     	
0000134F	libhello_jni.so:std::string:::17988208825801258123+6E8	LDURB           W3, [X29,#-0x70]	X3=0000000000000092                     	
0000134F	libhello_jni.so:std::string:::17988208825801258123+6EC	MOV             W8, #0xDA       	X8=00000000000000DA                     	
0000134F	libhello_jni.so:std::string:::17988208825801258123+6F0	BIC             W7, W8, W2      	X7=00000000000000CA                     	
0000134F	libhello_jni.so:std::string:::17988208825801258123+6F4	STUR            W3, [X29,#-0x6C]	                                        	
0000134F	libhello_jni.so:std::string:::17988208825801258123+6F8	LDUR            W3, [X29,#-0x6C]	                                        	
0000134F	libhello_jni.so:std::string:::17988208825801258123+6FC	AND             W2, W2, W30     	X2=0000000000000021                     	
0000134F	libhello_jni.so:std::string:::17988208825801258123+700	ORR             W2, W7, W2      	X2=00000000000000EB                     	
0000134F	libhello_jni.so:std::string:::17988208825801258123+704	BIC             W7, W8, W3      	X7=0000000000000048                     	
0000134F	libhello_jni.so:std::string:::17988208825801258123+708	AND             W3, W3, W30     	X3=0000000000000000                     	
0000134F	libhello_jni.so:std::string:::17988208825801258123+70C	ORR             W3, W7, W3      	X3=0000000000000048                     	
0000134F	libhello_jni.so:std::string:::17988208825801258123+710	EOR             W2, W2, W3      	X2=00000000000000A3                     	
0000134F	libhello_jni.so:std::string:::17988208825801258123+714	STURB           W2, [X29,#-0x68]	                                        	
0000134F	libhello_jni.so:std::string:::17988208825801258123+718	LDUR            W2, [X29,#-0x5C]	X2=0000000000000001                     	
0000134F	libhello_jni.so:std::string:::17988208825801258123+71C	ADRP            X8, #a9d9107e02f0f07@PAGE; \"9d9107e02f0f07984956767ab1ac87e5\"	X8=00000073A697B000                     	
0000134F	libhello_jni.so:std::string:::17988208825801258123+720	ADD             X8, X8, #a9d9107e02f0f07@PAGEOFF; \"9d9107e02f0f07984956767ab1ac87e5\"	X8=00000073A697B1A0                     	
0000134F	libhello_jni.so:std::string:::17988208825801258123+724	MOV             W7, #0x4E09     	X7=0000000000004E09                     	
0000134F	libhello_jni.so:std::string:::17988208825801258123+728	EOR             W3, W2, #0xFFFFFFF8	X3=00000000FFFFFFF9                     	
0000134F	libhello_jni.so:std::string:::17988208825801258123+72C	AND             X2, X3, X2      	                                        	
0000134F	libhello_jni.so:std::string:::17988208825801258123+730	LDRB            W2, [X8,X2]     	X2=0000000000000064                     	
0000134F	libhello_jni.so:std::string:::17988208825801258123+734	MOVK            W7, #0x980E,LSL#16	X7=00000000980E4E09                     	
0000134F	libhello_jni.so:std::string:::17988208825801258123+738	STURB           W2, [X29,#-0x64]	                                        	
0000134F	libhello_jni.so:std::string:::17988208825801258123+73C	B               loc_73A6951154  	                                        	
0000134F	libhello_jni.so:loc_73A6951154	CMP             W7, W22         	C=0 Z=0 N=1                             	
0000134F	libhello_jni.so:std::string:::17988208825801258123+5B4	B.GT            loc_73A6951198  	                                        	
0000134F	libhello_jni.so:std::string:::17988208825801258123+5B8	CMP             W7, W23         	                                        	
0000134F	libhello_jni.so:std::string:::17988208825801258123+5BC	B.LE            loc_73A695120C  	                                        	
0000134F	libhello_jni.so:loc_73A695120C	CMP             W7, W24         	C=1 N=0                                 	
0000134F	libhello_jni.so:std::string:::17988208825801258123+66C	B.LE            loc_73A6951350  	                                        	
0000134F	libhello_jni.so:std::string:::17988208825801258123+670	CMP             W7, W25         	Z=1                                     	
0000134F	libhello_jni.so:std::string:::17988208825801258123+674	B.EQ            loc_73A69513F4  	                                        	
0000134F	libhello_jni.so:loc_73A69513F4	LDR             W2, [X20]       	X2=0000000000000000                     	
0000134F	libhello_jni.so:std::string:::17988208825801258123+854	LDR             W3, [X19]       	X3=0000000000000000                     	
0000134F	libhello_jni.so:std::string:::17988208825801258123+858	MOV             W8, #0xF041     	X8=000000000000F041                     	
0000134F	libhello_jni.so:std::string:::17988208825801258123+85C	MOVK            W8, #0xD335,LSL#16	X8=00000000D335F041                     	
0000134F	libhello_jni.so:std::string:::17988208825801258123+860	CMP             W2, #9          	C=0 Z=0 N=1                             	
0000134F	libhello_jni.so:std::string:::17988208825801258123+864	SUB             W2, W3, #1      	X2=00000000FFFFFFFF                     	
0000134F	libhello_jni.so:std::string:::17988208825801258123+868	ORN             W7, W8, W8      	X7=00000000FFFFFFFF                     	
0000134F	libhello_jni.so:std::string:::17988208825801258123+86C	MADD            W2, W2, W3, WZR 	X2=0000000000000000                     	
0000134F	libhello_jni.so:std::string:::17988208825801258123+870	AND             W2, W2, W7      	                                        	
0000134F	libhello_jni.so:std::string:::17988208825801258123+874	CSET            W3, GT          	                                        	
0000134F	libhello_jni.so:std::string:::17988208825801258123+878	AND             W2, W2, #1      	                                        	
0000134F	libhello_jni.so:std::string:::17988208825801258123+87C	EOR             W7, W3, W2      	X7=0000000000000000                     	
0000134F	libhello_jni.so:std::string:::17988208825801258123+880	ORR             W2, W3, W2      	                                        	
0000134F	libhello_jni.so:std::string:::17988208825801258123+884	EOR             W2, W2, #1      	X2=0000000000000001                     	
0000134F	libhello_jni.so:std::string:::17988208825801258123+888	ORR             W2, W7, W2      	                                        	
0000134F	libhello_jni.so:std::string:::17988208825801258123+88C	CMP             W2, #0          	C=1 N=0                                 	
0000134F	libhello_jni.so:std::string:::17988208825801258123+890	CSEL            W7, W6, W4, NE  	X7=000000005B3AB7B8                     	
0000134F	libhello_jni.so:std::string:::17988208825801258123+894	B               loc_73A6951154  	                                        	
0000134F	libhello_jni.so:loc_73A6951154	CMP             W7, W22         	C=0                                     	
0000134F	libhello_jni.so:std::string:::17988208825801258123+5B4	B.GT            loc_73A6951198  	                                        	
0000134F	libhello_jni.so:loc_73A6951198	CMP             W7, W13         	C=1                                     	
0000134F	libhello_jni.so:std::string:::17988208825801258123+5F8	B.GT            loc_73A69511D8  	                                        	
0000134F	libhello_jni.so:loc_73A69511D8	CMP             W7, W0          	                                        	
0000134F	libhello_jni.so:std::string:::17988208825801258123+638	B.LE            loc_73A69512E4  	                                        	
0000134F	libhello_jni.so:std::string:::17988208825801258123+63C	CMP             W7, W21         	                                        	
0000134F	libhello_jni.so:std::string:::17988208825801258123+640	B.EQ            loc_73A695139C  	                                        	
0000134F	libhello_jni.so:std::string:::17988208825801258123+644	CMP             W7, W6          	Z=1                                     	
0000134F	libhello_jni.so:std::string:::17988208825801258123+648	B.EQ            loc_73A6951470  	                                        	
0000134F	libhello_jni.so:loc_73A6951470	LDURB           W2, [X29,#-0x64]	X2=0000000000000064                     	
0000134F	libhello_jni.so:std::string:::17988208825801258123+8D0	LDURB           W3, [X29,#-0x68]	X3=00000000000000A3                     	
0000134F	libhello_jni.so:std::string:::17988208825801258123+8D4	LDUR            W7, [X29,#-0x6C]	X7=0000000000000092                     	
0000134F	libhello_jni.so:std::string:::17988208825801258123+8D8	LDUR            W30, [X29,#-0x6C]	X30=0000000000000092                    	
0000134F	libhello_jni.so:std::string:::17988208825801258123+8DC	LDUR            X8, [X29,#-0x78]	X8=0000000000000001                     	
0000134F	libhello_jni.so:std::string:::17988208825801258123+8E0	BIC             W1, W2, W3      	X1=0000000000000044                     	
0000134F	libhello_jni.so:std::string:::17988208825801258123+8E4	BIC             W3, W3, W2      	X3=0000000000000083                     	
0000134F	libhello_jni.so:std::string:::17988208825801258123+8E8	MOV             X9, X5          	X9=00000073A6FCF920                     	
0000134F	libhello_jni.so:std::string:::17988208825801258123+8EC	BIC             W5, W30, W2     	X5=0000000000000092                     	
0000134F	libhello_jni.so:std::string:::17988208825801258123+8F0	BIC             W2, W2, W30     	                                        	
0000134F	libhello_jni.so:std::string:::17988208825801258123+8F4	ORR             W1, W1, W3      	X1=00000000000000C7                     	
0000134F	libhello_jni.so:std::string:::17988208825801258123+8F8	ORR             W2, W5, W2      	X2=00000000000000F6                     	
0000134F	libhello_jni.so:std::string:::17988208825801258123+8FC	ADD             W1, W1, W7      	X1=0000000000000159                     	
0000134F	libhello_jni.so:std::string:::17988208825801258123+900	BIC             W3, W1, W2      	X3=0000000000000109                     	
0000134F	libhello_jni.so:std::string:::17988208825801258123+904	BIC             W1, W2, W1      	X1=00000000000000A6                     	
0000134F	libhello_jni.so:std::string:::17988208825801258123+908	MOV             X5, X9          	X5=00000073A6FCF920                     	
0000134F	libhello_jni.so:std::string:::17988208825801258123+90C	ORR             W1, W3, W1      	X1=00000000000001AF                     	
0000134F	libhello_jni.so:std::string:::17988208825801258123+910	STRB            W1, [X5,X8]     	                                        	
0000134F	libhello_jni.so:std::string:::17988208825801258123+914	LDUR            W8, [X29,#-0x5C]	                                        	
0000134F	libhello_jni.so:std::string:::17988208825801258123+918	LDR             W2, [X19]       	X2=0000000000000000                     	
0000134F	libhello_jni.so:std::string:::17988208825801258123+91C	MOV             W1, #0xBC18     	X1=000000000000BC18                     	
0000134F	libhello_jni.so:std::string:::17988208825801258123+920	MOVK            W1, #0x9609,LSL#16	X1=000000009609BC18                     	
0000134F	libhello_jni.so:std::string:::17988208825801258123+924	ADD             W8, W8, #1      	X8=0000000000000002                     	
0000134F	libhello_jni.so:std::string:::17988208825801258123+928	LDR             W3, [X20]       	X3=0000000000000000                     	
0000134F	libhello_jni.so:std::string:::17988208825801258123+92C	STUR            W8, [X29,#-0x60]	                                        	
0000134F	libhello_jni.so:std::string:::17988208825801258123+930	SUB             W8, W2, #1      	X8=00000000FFFFFFFF                     	
0000134F	libhello_jni.so:std::string:::17988208825801258123+934	ORN             W1, W1, W1      	X1=00000000FFFFFFFF                     	
0000134F	libhello_jni.so:std::string:::17988208825801258123+938	MADD            W8, W8, W2, WZR 	X8=0000000000000000                     	
0000134F	libhello_jni.so:std::string:::17988208825801258123+93C	AND             W8, W8, W1      	                                        	
0000134F	libhello_jni.so:std::string:::17988208825801258123+940	TST             W8, #1          	C=0                                     	
0000134F	libhello_jni.so:std::string:::17988208825801258123+944	CSET            W8, EQ          	X8=0000000000000001                     	
0000134F	libhello_jni.so:std::string:::17988208825801258123+948	CMP             W3, #0xA        	Z=0 N=1                                 	
0000134F	libhello_jni.so:std::string:::17988208825801258123+94C	CSET            W1, LT          	X1=0000000000000001                     	
0000134F	libhello_jni.so:std::string:::17988208825801258123+950	AND             W2, W1, W8      	X2=0000000000000001                     	
0000134F	libhello_jni.so:std::string:::17988208825801258123+954	EOR             W8, W1, W8      	X8=0000000000000000                     	
0000134F	libhello_jni.so:std::string:::17988208825801258123+958	ORR             W8, W2, W8      	X8=0000000000000001                     	
0000134F	libhello_jni.so:std::string:::17988208825801258123+95C	CMP             W8, #0          	C=1 N=0                                 	
0000134F	libhello_jni.so:std::string:::17988208825801258123+960	MOV             W8, #0x53F9     	X8=00000000000053F9                     	
0000134F	libhello_jni.so:std::string:::17988208825801258123+964	MOV             W9, #0x6A86     	X9=0000000000006A86                     	
0000134F	libhello_jni.so:std::string:::17988208825801258123+968	MOV             W1, #0x8ED3     	X1=0000000000008ED3                     	
0000134F	libhello_jni.so:std::string:::17988208825801258123+96C	MOVK            W8, #0x37B5,LSL#16	X8=0000000037B553F9                     	
0000134F	libhello_jni.so:std::string:::17988208825801258123+970	MOVK            W9, #0xF949,LSL#16	X9=00000000F9496A86                     	
0000134F	libhello_jni.so:std::string:::17988208825801258123+974	MOVK            W1, #0x2B5A,LSL#16	X1=000000002B5A8ED3                     	
0000134F	libhello_jni.so:std::string:::17988208825801258123+978	CSEL            W7, W8, W4, NE  	X7=0000000037B553F9                     	
0000134F	libhello_jni.so:std::string:::17988208825801258123+97C	B               loc_73A6951154  	                                        	
0000134F	libhello_jni.so:loc_73A6951154	CMP             W7, W22         	C=0                                     	
0000134F	libhello_jni.so:std::string:::17988208825801258123+5B4	B.GT            loc_73A6951198  	                                        	
0000134F	libhello_jni.so:loc_73A6951198	CMP             W7, W13         	N=1                                     	
0000134F	libhello_jni.so:std::string:::17988208825801258123+5F8	B.GT            loc_73A69511D8  	                                        	
0000134F	libhello_jni.so:std::string:::17988208825801258123+5FC	CMP             W7, W16         	C=1 N=0                                 	
0000134F	libhello_jni.so:std::string:::17988208825801258123+600	B.LE            loc_73A6951264  	                                        	
0000134F	libhello_jni.so:std::string:::17988208825801258123+604	CMP             W7, W11         	                                        	
0000134F	libhello_jni.so:std::string:::17988208825801258123+608	B.EQ            loc_73A695136C  	                                        	
0000134F	libhello_jni.so:std::string:::17988208825801258123+60C	CMP             W7, W1          	                                        	
0000134F	libhello_jni.so:std::string:::17988208825801258123+610	B.EQ            loc_73A6951448  	                                        	
0000134F	libhello_jni.so:std::string:::17988208825801258123+614	MOV             W8, #0x53F9     	X8=00000000000053F9                     	
0000134F	libhello_jni.so:std::string:::17988208825801258123+618	MOVK            W8, #0x37B5,LSL#16	X8=0000000037B553F9                     	
0000134F	libhello_jni.so:std::string:::17988208825801258123+61C	CMP             W7, W8          	Z=1                                     	
0000134F	libhello_jni.so:std::string:::17988208825801258123+620	B.NE            loc_73A6951154  	                                        	
0000134F	libhello_jni.so:std::string:::17988208825801258123+624	LDUR            W26, [X29,#-0x60]	X26=0000000000000002                    	
0000134F	libhello_jni.so:std::string:::17988208825801258123+628	MOV             W7, #0x8ED3     	X7=0000000000008ED3                     	
0000134F	libhello_jni.so:std::string:::17988208825801258123+62C	MOVK            W7, #0x2B5A,LSL#16	X7=000000002B5A8ED3                     	
0000134F	libhello_jni.so:std::string:::17988208825801258123+630	B               loc_73A6951154  	                                        	
0000134F	libhello_jni.so:loc_73A6951154	CMP             W7, W22         	C=0 Z=0                                 	
0000134F	libhello_jni.so:std::string:::17988208825801258123+5B4	B.GT            loc_73A6951198  	                                        	
0000134F	libhello_jni.so:loc_73A6951198	CMP             W7, W13         	N=1                                     	
0000134F	libhello_jni.so:std::string:::17988208825801258123+5F8	B.GT            loc_73A69511D8  	                                        	
0000134F	libhello_jni.so:std::string:::17988208825801258123+5FC	CMP             W7, W16         	C=1 N=0                                 	
0000134F	libhello_jni.so:std::string:::17988208825801258123+600	B.LE            loc_73A6951264  	                                        	
0000134F	libhello_jni.so:std::string:::17988208825801258123+604	CMP             W7, W11         	                                        	
0000134F	libhello_jni.so:std::string:::17988208825801258123+608	B.EQ            loc_73A695136C  	                                        	
0000134F	libhello_jni.so:std::string:::17988208825801258123+60C	CMP             W7, W1          	Z=1                                     	
0000134F	libhello_jni.so:std::string:::17988208825801258123+610	B.EQ            loc_73A6951448  	                                        	
0000134F	libhello_jni.so:loc_73A6951448	STUR            W26, [X29,#-0x5C]	                                        	
0000134F	libhello_jni.so:std::string:::17988208825801258123+8A8	LDURSW          X2, [X29,#-0x5C]	X2=0000000000000002                     	
0000134F	libhello_jni.so:std::string:::17988208825801258123+8AC	STUR            X2, [X29,#-0x78]	                                        	
0000134F	libhello_jni.so:std::string:::17988208825801258123+8B0	LDUR            X2, [X29,#-0x78]	                                        	
0000134F	libhello_jni.so:std::string:::17988208825801258123+8B4	LDUR            X8, [X29,#-0x98]	X8=0000000000000010                     	
0000134F	libhello_jni.so:std::string:::17988208825801258123+8B8	CMP             X2, X8          	C=0 Z=0 N=1                             	
0000134F	libhello_jni.so:std::string:::17988208825801258123+8BC	MOV             W8, #0x25D7     	X8=00000000000025D7                     	
0000134F	libhello_jni.so:std::string:::17988208825801258123+8C0	MOVK            W8, #0x4289,LSL#16	X8=00000000428925D7                     	
0000134F	libhello_jni.so:std::string:::17988208825801258123+8C4	CSEL            W7, W11, W8, CC 	X7=000000001C107584                     	
0000134F	libhello_jni.so:std::string:::17988208825801258123+8C8	B               loc_73A6951154  	                                        	
0000134F	libhello_jni.so:loc_73A6951154	CMP             W7, W22         	N=0                                     	
0000134F	libhello_jni.so:std::string:::17988208825801258123+5B4	B.GT            loc_73A6951198  	                                        	
0000134F	libhello_jni.so:loc_73A6951198	CMP             W7, W13         	N=1                                     	
0000134F	libhello_jni.so:std::string:::17988208825801258123+5F8	B.GT            loc_73A69511D8  	                                        	
0000134F	libhello_jni.so:std::string:::17988208825801258123+5FC	CMP             W7, W16         	C=1 N=0                                 	
0000134F	libhello_jni.so:std::string:::17988208825801258123+600	B.LE            loc_73A6951264  	                                        	
0000134F	libhello_jni.so:std::string:::17988208825801258123+604	CMP             W7, W11         	Z=1                                     	
0000134F	libhello_jni.so:std::string:::17988208825801258123+608	B.EQ            loc_73A695136C  	                                        	
0000134F	libhello_jni.so:loc_73A695136C	LDUR            W2, [X29,#-0x5C]	                                        	
0000134F	libhello_jni.so:std::string:::17988208825801258123+7CC	LDUR            X3, [X29,#-0x88]	X3=0000007FE7462420                     	
0000134F	libhello_jni.so:std::string:::17988208825801258123+7D0	MOV             W8, #0x87B1     	X8=00000000000087B1                     	
0000134F	libhello_jni.so:std::string:::17988208825801258123+7D4	MOVK            W8, #0x786F,LSL#16	X8=00000000786F87B1                     	
0000134F	libhello_jni.so:std::string:::17988208825801258123+7D8	ORN             W7, W8, W8      	X7=00000000FFFFFFFF                     	
0000134F	libhello_jni.so:std::string:::17988208825801258123+7DC	AND             W2, W2, #0xF    	                                        	
0000134F	libhello_jni.so:std::string:::17988208825801258123+7E0	AND             X2, X2, X7      	                                        	
0000134F	libhello_jni.so:std::string:::17988208825801258123+7E4	LDRB            W2, [X3,X2]     	X2=0000000000000044                     	
0000134F	libhello_jni.so:std::string:::17988208825801258123+7E8	MOV             W7, #0xB514     	X7=000000000000B514                     	
0000134F	libhello_jni.so:std::string:::17988208825801258123+7EC	MOVK            W7, #0x1579,LSL#16	X7=000000001579B514                     	
0000134F	libhello_jni.so:std::string:::17988208825801258123+7F0	STURB           W2, [X29,#-0x70]	                                        	
0000134F	libhello_jni.so:std::string:::17988208825801258123+7F4	B               loc_73A6951154  	                                        	
0000134F	libhello_jni.so:loc_73A6951154	CMP             W7, W22         	C=0 Z=0                                 	
0000134F	libhello_jni.so:std::string:::17988208825801258123+5B4	B.GT            loc_73A6951198  	                                        	
0000134F	libhello_jni.so:loc_73A6951198	CMP             W7, W13         	N=1                                     	
0000134F	libhello_jni.so:std::string:::17988208825801258123+5F8	B.GT            loc_73A69511D8  	                                        	
0000134F	libhello_jni.so:std::string:::17988208825801258123+5FC	CMP             W7, W16         	                                        	
0000134F	libhello_jni.so:std::string:::17988208825801258123+600	B.LE            loc_73A6951264  	                                        	
0000134F	libhello_jni.so:loc_73A6951264	CMP             W7, W9          	N=0                                     	
0000134F	libhello_jni.so:std::string:::17988208825801258123+6C4	B.EQ            loc_73A69515B0  	                                        	
0000134F	libhello_jni.so:std::string:::17988208825801258123+6C8	MOV             W8, #0xB514     	X8=000000000000B514                     	
0000134F	libhello_jni.so:std::string:::17988208825801258123+6CC	MOVK            W8, #0x1579,LSL#16	X8=000000001579B514                     	
0000134F	libhello_jni.so:std::string:::17988208825801258123+6D0	CMP             W7, W8          	C=1 Z=1                                 	
0000134F	libhello_jni.so:std::string:::17988208825801258123+6D4	B.NE            loc_73A6951154  	                                        	
0000134F	libhello_jni.so:std::string:::17988208825801258123+6D8	LDUR            X2, [X29,#-0x78]	X2=0000000000000002                     	
0000134F	libhello_jni.so:std::string:::17988208825801258123+6DC	LDUR            X8, [X29,#-0xA0]	X8=00000074396C5200                     	
0000134F	libhello_jni.so:std::string:::17988208825801258123+6E0	MOV             W30, #0x25      	X30=0000000000000025                    	
0000134F	libhello_jni.so:std::string:::17988208825801258123+6E4	LDRB            W2, [X8,X2]     	X2=0000000000000032                     	
0000134F	libhello_jni.so:std::string:::17988208825801258123+6E8	LDURB           W3, [X29,#-0x70]	X3=0000000000000044                     	
0000134F	libhello_jni.so:std::string:::17988208825801258123+6EC	MOV             W8, #0xDA       	X8=00000000000000DA                     	
0000134F	libhello_jni.so:std::string:::17988208825801258123+6F0	BIC             W7, W8, W2      	X7=00000000000000C8                     	
0000134F	libhello_jni.so:std::string:::17988208825801258123+6F4	STUR            W3, [X29,#-0x6C]	                                        	
0000134F	libhello_jni.so:std::string:::17988208825801258123+6F8	LDUR            W3, [X29,#-0x6C]	                                        	
0000134F	libhello_jni.so:std::string:::17988208825801258123+6FC	AND             W2, W2, W30     	X2=0000000000000020                     	
0000134F	libhello_jni.so:std::string:::17988208825801258123+700	ORR             W2, W7, W2      	X2=00000000000000E8                     	
0000134F	libhello_jni.so:std::string:::17988208825801258123+704	BIC             W7, W8, W3      	X7=000000000000009A                     	
0000134F	libhello_jni.so:std::string:::17988208825801258123+708	AND             W3, W3, W30     	X3=0000000000000004                     	
0000134F	libhello_jni.so:std::string:::17988208825801258123+70C	ORR             W3, W7, W3      	X3=000000000000009E                     	
0000134F	libhello_jni.so:std::string:::17988208825801258123+710	EOR             W2, W2, W3      	X2=0000000000000076                     	
0000134F	libhello_jni.so:std::string:::17988208825801258123+714	STURB           W2, [X29,#-0x68]	                                        	
0000134F	libhello_jni.so:std::string:::17988208825801258123+718	LDUR            W2, [X29,#-0x5C]	X2=0000000000000002                     	
0000134F	libhello_jni.so:std::string:::17988208825801258123+71C	ADRP            X8, #a9d9107e02f0f07@PAGE; \"9d9107e02f0f07984956767ab1ac87e5\"	X8=00000073A697B000                     	
0000134F	libhello_jni.so:std::string:::17988208825801258123+720	ADD             X8, X8, #a9d9107e02f0f07@PAGEOFF; \"9d9107e02f0f07984956767ab1ac87e5\"	X8=00000073A697B1A0                     	
0000134F	libhello_jni.so:std::string:::17988208825801258123+724	MOV             W7, #0x4E09     	X7=0000000000004E09                     	
0000134F	libhello_jni.so:std::string:::17988208825801258123+728	EOR             W3, W2, #0xFFFFFFF8	X3=00000000FFFFFFFA                     	
0000134F	libhello_jni.so:std::string:::17988208825801258123+72C	AND             X2, X3, X2      	                                        	
0000134F	libhello_jni.so:std::string:::17988208825801258123+730	LDRB            W2, [X8,X2]     	X2=0000000000000039                     	
0000134F	libhello_jni.so:std::string:::17988208825801258123+734	MOVK            W7, #0x980E,LSL#16	X7=00000000980E4E09                     	
0000134F	libhello_jni.so:std::string:::17988208825801258123+738	STURB           W2, [X29,#-0x64]	                                        	
0000134F	libhello_jni.so:std::string:::17988208825801258123+73C	B               loc_73A6951154  	                                        	
0000134F	libhello_jni.so:loc_73A6951154	CMP             W7, W22         	C=0 Z=0 N=1                             	
0000134F	libhello_jni.so:std::string:::17988208825801258123+5B4	B.GT            loc_73A6951198  	                                        	
0000134F	libhello_jni.so:std::string:::17988208825801258123+5B8	CMP             W7, W23         	                                        	
0000134F	libhello_jni.so:std::string:::17988208825801258123+5BC	B.LE            loc_73A695120C  	                                        	
0000134F	libhello_jni.so:loc_73A695120C	CMP             W7, W24         	C=1 N=0                                 	
0000134F	libhello_jni.so:std::string:::17988208825801258123+66C	B.LE            loc_73A6951350  	                                        	
0000134F	libhello_jni.so:std::string:::17988208825801258123+670	CMP             W7, W25         	Z=1                                     	
0000134F	libhello_jni.so:std::string:::17988208825801258123+674	B.EQ            loc_73A69513F4  	                                        	
0000134F	libhello_jni.so:loc_73A69513F4	LDR             W2, [X20]       	X2=0000000000000000                     	
0000134F	libhello_jni.so:std::string:::17988208825801258123+854	LDR             W3, [X19]       	X3=0000000000000000                     	
0000134F	libhello_jni.so:std::string:::17988208825801258123+858	MOV             W8, #0xF041     	X8=000000000000F041                     	
0000134F	libhello_jni.so:std::string:::17988208825801258123+85C	MOVK            W8, #0xD335,LSL#16	X8=00000000D335F041                     	
0000134F	libhello_jni.so:std::string:::17988208825801258123+860	CMP             W2, #9          	C=0 Z=0 N=1                             	
0000134F	libhello_jni.so:std::string:::17988208825801258123+864	SUB             W2, W3, #1      	X2=00000000FFFFFFFF                     	
0000134F	libhello_jni.so:std::string:::17988208825801258123+868	ORN             W7, W8, W8      	X7=00000000FFFFFFFF                     	
0000134F	libhello_jni.so:std::string:::17988208825801258123+86C	MADD            W2, W2, W3, WZR 	X2=0000000000000000                     	
0000134F	libhello_jni.so:std::string:::17988208825801258123+870	AND             W2, W2, W7      	                                        	
0000134F	libhello_jni.so:std::string:::17988208825801258123+874	CSET            W3, GT          	                                        	
0000134F	libhello_jni.so:std::string:::17988208825801258123+878	AND             W2, W2, #1      	                                        	
0000134F	libhello_jni.so:std::string:::17988208825801258123+87C	EOR             W7, W3, W2      	X7=0000000000000000                     	
0000134F	libhello_jni.so:std::string:::17988208825801258123+880	ORR             W2, W3, W2      	                                        	
0000134F	libhello_jni.so:std::string:::17988208825801258123+884	EOR             W2, W2, #1      	X2=0000000000000001                     	
0000134F	libhello_jni.so:std::string:::17988208825801258123+888	ORR             W2, W7, W2      	                                        	
0000134F	libhello_jni.so:std::string:::17988208825801258123+88C	CMP             W2, #0          	C=1 N=0                                 	
0000134F	libhello_jni.so:std::string:::17988208825801258123+890	CSEL            W7, W6, W4, NE  	X7=000000005B3AB7B8                     	
0000134F	libhello_jni.so:std::string:::17988208825801258123+894	B               loc_73A6951154  	                                        	
0000134F	libhello_jni.so:loc_73A6951154	CMP             W7, W22         	C=0                                     	
0000134F	libhello_jni.so:std::string:::17988208825801258123+5B4	B.GT            loc_73A6951198  	                                        	
0000134F	libhello_jni.so:loc_73A6951198	CMP             W7, W13         	C=1                                     	
0000134F	libhello_jni.so:std::string:::17988208825801258123+5F8	B.GT            loc_73A69511D8  	                                        	
0000134F	libhello_jni.so:loc_73A69511D8	CMP             W7, W0          	                                        	
0000134F	libhello_jni.so:std::string:::17988208825801258123+638	B.LE            loc_73A69512E4  	                                        	
0000134F	libhello_jni.so:std::string:::17988208825801258123+63C	CMP             W7, W21         	                                        	
0000134F	libhello_jni.so:std::string:::17988208825801258123+640	B.EQ            loc_73A695139C  	                                        	
0000134F	libhello_jni.so:std::string:::17988208825801258123+644	CMP             W7, W6          	Z=1                                     	
0000134F	libhello_jni.so:std::string:::17988208825801258123+648	B.EQ            loc_73A6951470  	                                        	
0000134F	libhello_jni.so:loc_73A6951470	LDURB           W2, [X29,#-0x64]	X2=0000000000000039                     	
0000134F	libhello_jni.so:std::string:::17988208825801258123+8D0	LDURB           W3, [X29,#-0x68]	X3=0000000000000076                     	
0000134F	libhello_jni.so:std::string:::17988208825801258123+8D4	LDUR            W7, [X29,#-0x6C]	X7=0000000000000044                     	
0000134F	libhello_jni.so:std::string:::17988208825801258123+8D8	LDUR            W30, [X29,#-0x6C]	X30=0000000000000044                    	
0000134F	libhello_jni.so:std::string:::17988208825801258123+8DC	LDUR            X8, [X29,#-0x78]	X8=0000000000000002                     	
0000134F	libhello_jni.so:std::string:::17988208825801258123+8E0	BIC             W1, W2, W3      	X1=0000000000000009                     	
0000134F	libhello_jni.so:std::string:::17988208825801258123+8E4	BIC             W3, W3, W2      	X3=0000000000000046                     	
0000134F	libhello_jni.so:std::string:::17988208825801258123+8E8	MOV             X9, X5          	X9=00000073A6FCF920                     	
0000134F	libhello_jni.so:std::string:::17988208825801258123+8EC	BIC             W5, W30, W2     	X5=0000000000000044                     	
0000134F	libhello_jni.so:std::string:::17988208825801258123+8F0	BIC             W2, W2, W30     	                                        	
0000134F	libhello_jni.so:std::string:::17988208825801258123+8F4	ORR             W1, W1, W3      	X1=000000000000004F                     	
0000134F	libhello_jni.so:std::string:::17988208825801258123+8F8	ORR             W2, W5, W2      	X2=000000000000007D                     	
0000134F	libhello_jni.so:std::string:::17988208825801258123+8FC	ADD             W1, W1, W7      	X1=0000000000000093                     	
0000134F	libhello_jni.so:std::string:::17988208825801258123+900	BIC             W3, W1, W2      	X3=0000000000000082                     	
0000134F	libhello_jni.so:std::string:::17988208825801258123+904	BIC             W1, W2, W1      	X1=000000000000006C                     	
0000134F	libhello_jni.so:std::string:::17988208825801258123+908	MOV             X5, X9          	X5=00000073A6FCF920                     	
0000134F	libhello_jni.so:std::string:::17988208825801258123+90C	ORR             W1, W3, W1      	X1=00000000000000EE                     	
0000134F	libhello_jni.so:std::string:::17988208825801258123+910	STRB            W1, [X5,X8]     	                                        	
0000134F	libhello_jni.so:std::string:::17988208825801258123+914	LDUR            W8, [X29,#-0x5C]	                                        	
0000134F	libhello_jni.so:std::string:::17988208825801258123+918	LDR             W2, [X19]       	X2=0000000000000000                     	
0000134F	libhello_jni.so:std::string:::17988208825801258123+91C	MOV             W1, #0xBC18     	X1=000000000000BC18                     	
0000134F	libhello_jni.so:std::string:::17988208825801258123+920	MOVK            W1, #0x9609,LSL#16	X1=000000009609BC18                     	
0000134F	libhello_jni.so:std::string:::17988208825801258123+924	ADD             W8, W8, #1      	X8=0000000000000003                     	
0000134F	libhello_jni.so:std::string:::17988208825801258123+928	LDR             W3, [X20]       	X3=0000000000000000                     	
0000134F	libhello_jni.so:std::string:::17988208825801258123+92C	STUR            W8, [X29,#-0x60]	                                        	
0000134F	libhello_jni.so:std::string:::17988208825801258123+930	SUB             W8, W2, #1      	X8=00000000FFFFFFFF                     	
0000134F	libhello_jni.so:std::string:::17988208825801258123+934	ORN             W1, W1, W1      	X1=00000000FFFFFFFF                     	
0000134F	libhello_jni.so:std::string:::17988208825801258123+938	MADD            W8, W8, W2, WZR 	X8=0000000000000000                     	
0000134F	libhello_jni.so:std::string:::17988208825801258123+93C	AND             W8, W8, W1      	                                        	
0000134F	libhello_jni.so:std::string:::17988208825801258123+940	TST             W8, #1          	C=0                                     	
0000134F	libhello_jni.so:std::string:::17988208825801258123+944	CSET            W8, EQ          	X8=0000000000000001                     	
0000134F	libhello_jni.so:std::string:::17988208825801258123+948	CMP             W3, #0xA        	Z=0 N=1                                 	
0000134F	libhello_jni.so:std::string:::17988208825801258123+94C	CSET            W1, LT          	X1=0000000000000001                     	
0000134F	libhello_jni.so:std::string:::17988208825801258123+950	AND             W2, W1, W8      	X2=0000000000000001                     	
0000134F	libhello_jni.so:std::string:::17988208825801258123+954	EOR             W8, W1, W8      	X8=0000000000000000                     	
0000134F	libhello_jni.so:std::string:::17988208825801258123+958	ORR             W8, W2, W8      	X8=0000000000000001                     	
0000134F	libhello_jni.so:std::string:::17988208825801258123+95C	CMP             W8, #0          	C=1 N=0                                 	
0000134F	libhello_jni.so:std::string:::17988208825801258123+960	MOV             W8, #0x53F9     	X8=00000000000053F9                     	
0000134F	libhello_jni.so:std::string:::17988208825801258123+964	MOV             W9, #0x6A86     	X9=0000000000006A86                     	
0000134F	libhello_jni.so:std::string:::17988208825801258123+968	MOV             W1, #0x8ED3     	X1=0000000000008ED3                     	
0000134F	libhello_jni.so:std::string:::17988208825801258123+96C	MOVK            W8, #0x37B5,LSL#16	X8=0000000037B553F9                     	
0000134F	libhello_jni.so:std::string:::17988208825801258123+970	MOVK            W9, #0xF949,LSL#16	X9=00000000F9496A86                     	
0000134F	libhello_jni.so:std::string:::17988208825801258123+974	MOVK            W1, #0x2B5A,LSL#16	X1=000000002B5A8ED3                     	
0000134F	libhello_jni.so:std::string:::17988208825801258123+978	CSEL            W7, W8, W4, NE  	X7=0000000037B553F9                     	
0000134F	libhello_jni.so:std::string:::17988208825801258123+97C	B               loc_73A6951154  	                                        	
0000134F	libhello_jni.so:loc_73A6951154	CMP             W7, W22         	C=0                                     	
0000134F	libhello_jni.so:std::string:::17988208825801258123+5B4	B.GT            loc_73A6951198  	                                        	
0000134F	libhello_jni.so:loc_73A6951198	CMP             W7, W13         	N=1                                     	
0000134F	libhello_jni.so:std::string:::17988208825801258123+5F8	B.GT            loc_73A69511D8  	                                        	
0000134F	libhello_jni.so:std::string:::17988208825801258123+5FC	CMP             W7, W16         	C=1 N=0                                 	
0000134F	libhello_jni.so:std::string:::17988208825801258123+600	B.LE            loc_73A6951264  	                                        	
0000134F	libhello_jni.so:std::string:::17988208825801258123+604	CMP             W7, W11         	                                        	
0000134F	libhello_jni.so:std::string:::17988208825801258123+608	B.EQ            loc_73A695136C  	                                        	
0000134F	libhello_jni.so:std::string:::17988208825801258123+60C	CMP             W7, W1          	                                        	
0000134F	libhello_jni.so:std::string:::17988208825801258123+610	B.EQ            loc_73A6951448  	                                        	
0000134F	libhello_jni.so:std::string:::17988208825801258123+614	MOV             W8, #0x53F9     	X8=00000000000053F9                     	
0000134F	libhello_jni.so:std::string:::17988208825801258123+618	MOVK            W8, #0x37B5,LSL#16	X8=0000000037B553F9                     	
0000134F	libhello_jni.so:std::string:::17988208825801258123+61C	CMP             W7, W8          	Z=1                                     	
0000134F	libhello_jni.so:std::string:::17988208825801258123+620	B.NE            loc_73A6951154  	                                        	
0000134F	libhello_jni.so:std::string:::17988208825801258123+624	LDUR            W26, [X29,#-0x60]	X26=0000000000000003                    	
0000134F	libhello_jni.so:std::string:::17988208825801258123+628	MOV             W7, #0x8ED3     	X7=0000000000008ED3                     	
0000134F	libhello_jni.so:std::string:::17988208825801258123+62C	MOVK            W7, #0x2B5A,LSL#16	X7=000000002B5A8ED3                     	
0000134F	libhello_jni.so:std::string:::17988208825801258123+630	B               loc_73A6951154  	                                        	
0000134F	libhello_jni.so:loc_73A6951154	CMP             W7, W22         	C=0 Z=0                                 	
0000134F	libhello_jni.so:std::string:::17988208825801258123+5B4	B.GT            loc_73A6951198  	                                        	
0000134F	libhello_jni.so:loc_73A6951198	CMP             W7, W13         	N=1                                     	
0000134F	libhello_jni.so:std::string:::17988208825801258123+5F8	B.GT            loc_73A69511D8  	                                        	
0000134F	libhello_jni.so:std::string:::17988208825801258123+5FC	CMP             W7, W16         	C=1 N=0                                 	
0000134F	libhello_jni.so:std::string:::17988208825801258123+600	B.LE            loc_73A6951264  	                                        	
0000134F	libhello_jni.so:std::string:::17988208825801258123+604	CMP             W7, W11         	                                        	
0000134F	libhello_jni.so:std::string:::17988208825801258123+608	B.EQ            loc_73A695136C  	                                        	
0000134F	libhello_jni.so:std::string:::17988208825801258123+60C	CMP             W7, W1          	Z=1                                     	
0000134F	libhello_jni.so:std::string:::17988208825801258123+610	B.EQ            loc_73A6951448  	                                        	
0000134F	libhello_jni.so:loc_73A6951448	STUR            W26, [X29,#-0x5C]	                                        	
0000134F	libhello_jni.so:std::string:::17988208825801258123+8A8	LDURSW          X2, [X29,#-0x5C]	X2=0000000000000003                     	
0000134F	libhello_jni.so:std::string:::17988208825801258123+8AC	STUR            X2, [X29,#-0x78]	                                        	
0000134F	libhello_jni.so:std::string:::17988208825801258123+8B0	LDUR            X2, [X29,#-0x78]	                                        	
0000134F	libhello_jni.so:std::string:::17988208825801258123+8B4	LDUR            X8, [X29,#-0x98]	X8=0000000000000010                     	
0000134F	libhello_jni.so:std::string:::17988208825801258123+8B8	CMP             X2, X8          	C=0 Z=0 N=1                             	
0000134F	libhello_jni.so:std::string:::17988208825801258123+8BC	MOV             W8, #0x25D7     	X8=00000000000025D7                     	
0000134F	libhello_jni.so:std::string:::17988208825801258123+8C0	MOVK            W8, #0x4289,LSL#16	X8=00000000428925D7                     	
0000134F	libhello_jni.so:std::string:::17988208825801258123+8C4	CSEL            W7, W11, W8, CC 	X7=000000001C107584                     	
0000134F	libhello_jni.so:std::string:::17988208825801258123+8C8	B               loc_73A6951154  	                                        	
0000134F	libhello_jni.so:loc_73A6951154	CMP             W7, W22         	N=0                                     	
0000134F	libhello_jni.so:std::string:::17988208825801258123+5B4	B.GT            loc_73A6951198  	                                        	
0000134F	libhello_jni.so:loc_73A6951198	CMP             W7, W13         	N=1                                     	
0000134F	libhello_jni.so:std::string:::17988208825801258123+5F8	B.GT            loc_73A69511D8  	                                        	
0000134F	libhello_jni.so:std::string:::17988208825801258123+5FC	CMP             W7, W16         	C=1 N=0                                 	
0000134F	libhello_jni.so:std::string:::17988208825801258123+600	B.LE            loc_73A6951264  	                                        	
0000134F	libhello_jni.so:std::string:::17988208825801258123+604	CMP             W7, W11         	Z=1                                     	
0000134F	libhello_jni.so:std::string:::17988208825801258123+608	B.EQ            loc_73A695136C  	                                        	
0000134F	libhello_jni.so:loc_73A695136C	LDUR            W2, [X29,#-0x5C]	                                        	
0000134F	libhello_jni.so:std::string:::17988208825801258123+7CC	LDUR            X3, [X29,#-0x88]	X3=0000007FE7462420                     	
0000134F	libhello_jni.so:std::string:::17988208825801258123+7D0	MOV             W8, #0x87B1     	X8=00000000000087B1                     	
0000134F	libhello_jni.so:std::string:::17988208825801258123+7D4	MOVK            W8, #0x786F,LSL#16	X8=00000000786F87B1                     	
0000134F	libhello_jni.so:std::string:::17988208825801258123+7D8	ORN             W7, W8, W8      	X7=00000000FFFFFFFF                     	
0000134F	libhello_jni.so:std::string:::17988208825801258123+7DC	AND             W2, W2, #0xF    	                                        	
0000134F	libhello_jni.so:std::string:::17988208825801258123+7E0	AND             X2, X2, X7      	                                        	
0000134F	libhello_jni.so:std::string:::17988208825801258123+7E4	LDRB            W2, [X3,X2]     	X2=0000000000000068                     	
0000134F	libhello_jni.so:std::string:::17988208825801258123+7E8	MOV             W7, #0xB514     	X7=000000000000B514                     	
0000134F	libhello_jni.so:std::string:::17988208825801258123+7EC	MOVK            W7, #0x1579,LSL#16	X7=000000001579B514                     	
0000134F	libhello_jni.so:std::string:::17988208825801258123+7F0	STURB           W2, [X29,#-0x70]	                                        	
0000134F	libhello_jni.so:std::string:::17988208825801258123+7F4	B               loc_73A6951154  	                                        	
0000134F	libhello_jni.so:loc_73A6951154	CMP             W7, W22         	C=0 Z=0                                 	
0000134F	libhello_jni.so:std::string:::17988208825801258123+5B4	B.GT            loc_73A6951198  	                                        	
0000134F	libhello_jni.so:loc_73A6951198	CMP             W7, W13         	N=1                                     	
0000134F	libhello_jni.so:std::string:::17988208825801258123+5F8	B.GT            loc_73A69511D8  	                                        	
0000134F	libhello_jni.so:std::string:::17988208825801258123+5FC	CMP             W7, W16         	                                        	
0000134F	libhello_jni.so:std::string:::17988208825801258123+600	B.LE            loc_73A6951264  	                                        	
0000134F	libhello_jni.so:loc_73A6951264	CMP             W7, W9          	N=0                                     	
0000134F	libhello_jni.so:std::string:::17988208825801258123+6C4	B.EQ            loc_73A69515B0  	                                        	
0000134F	libhello_jni.so:std::string:::17988208825801258123+6C8	MOV             W8, #0xB514     	X8=000000000000B514                     	
0000134F	libhello_jni.so:std::string:::17988208825801258123+6CC	MOVK            W8, #0x1579,LSL#16	X8=000000001579B514                     	
0000134F	libhello_jni.so:std::string:::17988208825801258123+6D0	CMP             W7, W8          	C=1 Z=1                                 	
0000134F	libhello_jni.so:std::string:::17988208825801258123+6D4	B.NE            loc_73A6951154  	                                        	
0000134F	libhello_jni.so:std::string:::17988208825801258123+6D8	LDUR            X2, [X29,#-0x78]	X2=0000000000000003                     	
0000134F	libhello_jni.so:std::string:::17988208825801258123+6DC	LDUR            X8, [X29,#-0xA0]	X8=00000074396C5200                     	
0000134F	libhello_jni.so:std::string:::17988208825801258123+6E0	MOV             W30, #0x25      	X30=0000000000000025                    	
0000134F	libhello_jni.so:std::string:::17988208825801258123+6E4	LDRB            W2, [X8,X2]     	X2=0000000000000033                     	
0000134F	libhello_jni.so:std::string:::17988208825801258123+6E8	LDURB           W3, [X29,#-0x70]	X3=0000000000000068                     	
0000134F	libhello_jni.so:std::string:::17988208825801258123+6EC	MOV             W8, #0xDA       	X8=00000000000000DA                     	
0000134F	libhello_jni.so:std::string:::17988208825801258123+6F0	BIC             W7, W8, W2      	X7=00000000000000C8                     	
0000134F	libhello_jni.so:std::string:::17988208825801258123+6F4	STUR            W3, [X29,#-0x6C]	                                        	
0000134F	libhello_jni.so:std::string:::17988208825801258123+6F8	LDUR            W3, [X29,#-0x6C]	                                        	
0000134F	libhello_jni.so:std::string:::17988208825801258123+6FC	AND             W2, W2, W30     	X2=0000000000000021                     	
0000134F	libhello_jni.so:std::string:::17988208825801258123+700	ORR             W2, W7, W2      	X2=00000000000000E9                     	
0000134F	libhello_jni.so:std::string:::17988208825801258123+704	BIC             W7, W8, W3      	X7=0000000000000092                     	
0000134F	libhello_jni.so:std::string:::17988208825801258123+708	AND             W3, W3, W30     	X3=0000000000000020                     	
0000134F	libhello_jni.so:std::string:::17988208825801258123+70C	ORR             W3, W7, W3      	X3=00000000000000B2                     	
0000134F	libhello_jni.so:std::string:::17988208825801258123+710	EOR             W2, W2, W3      	X2=000000000000005B                     	
0000134F	libhello_jni.so:std::string:::17988208825801258123+714	STURB           W2, [X29,#-0x68]	                                        	
0000134F	libhello_jni.so:std::string:::17988208825801258123+718	LDUR            W2, [X29,#-0x5C]	X2=0000000000000003                     	
0000134F	libhello_jni.so:std::string:::17988208825801258123+71C	ADRP            X8, #a9d9107e02f0f07@PAGE; \"9d9107e02f0f07984956767ab1ac87e5\"	X8=00000073A697B000                     	
0000134F	libhello_jni.so:std::string:::17988208825801258123+720	ADD             X8, X8, #a9d9107e02f0f07@PAGEOFF; \"9d9107e02f0f07984956767ab1ac87e5\"	X8=00000073A697B1A0                     	
0000134F	libhello_jni.so:std::string:::17988208825801258123+724	MOV             W7, #0x4E09     	X7=0000000000004E09                     	
0000134F	libhello_jni.so:std::string:::17988208825801258123+728	EOR             W3, W2, #0xFFFFFFF8	X3=00000000FFFFFFFB                     	
0000134F	libhello_jni.so:std::string:::17988208825801258123+72C	AND             X2, X3, X2      	                                        	
0000134F	libhello_jni.so:std::string:::17988208825801258123+730	LDRB            W2, [X8,X2]     	X2=0000000000000031                     	
0000134F	libhello_jni.so:std::string:::17988208825801258123+734	MOVK            W7, #0x980E,LSL#16	X7=00000000980E4E09                     	
0000134F	libhello_jni.so:std::string:::17988208825801258123+738	STURB           W2, [X29,#-0x64]	                                        	
0000134F	libhello_jni.so:std::string:::17988208825801258123+73C	B               loc_73A6951154  	                                        	
0000134F	libhello_jni.so:loc_73A6951154	CMP             W7, W22         	C=0 Z=0 N=1                             	
0000134F	libhello_jni.so:std::string:::17988208825801258123+5B4	B.GT            loc_73A6951198  	                                        	
0000134F	libhello_jni.so:std::string:::17988208825801258123+5B8	CMP             W7, W23         	                                        	
0000134F	libhello_jni.so:std::string:::17988208825801258123+5BC	B.LE            loc_73A695120C  	                                        	
0000134F	libhello_jni.so:loc_73A695120C	CMP             W7, W24         	C=1 N=0                                 	
0000134F	libhello_jni.so:std::string:::17988208825801258123+66C	B.LE            loc_73A6951350  	                                        	
0000134F	libhello_jni.so:std::string:::17988208825801258123+670	CMP             W7, W25         	Z=1                                     	
0000134F	libhello_jni.so:std::string:::17988208825801258123+674	B.EQ            loc_73A69513F4  	                                        	
0000134F	libhello_jni.so:loc_73A69513F4	LDR             W2, [X20]       	X2=0000000000000000                     	
0000134F	libhello_jni.so:std::string:::17988208825801258123+854	LDR             W3, [X19]       	X3=0000000000000000                     	
0000134F	libhello_jni.so:std::string:::17988208825801258123+858	MOV             W8, #0xF041     	X8=000000000000F041                     	
0000134F	libhello_jni.so:std::string:::17988208825801258123+85C	MOVK            W8, #0xD335,LSL#16	X8=00000000D335F041                     	
0000134F	libhello_jni.so:std::string:::17988208825801258123+860	CMP             W2, #9          	C=0 Z=0 N=1                             	
0000134F	libhello_jni.so:std::string:::17988208825801258123+864	SUB             W2, W3, #1      	X2=00000000FFFFFFFF                     	
0000134F	libhello_jni.so:std::string:::17988208825801258123+868	ORN             W7, W8, W8      	X7=00000000FFFFFFFF                     	
0000134F	libhello_jni.so:std::string:::17988208825801258123+86C	MADD            W2, W2, W3, WZR 	X2=0000000000000000                     	
0000134F	libhello_jni.so:std::string:::17988208825801258123+870	AND             W2, W2, W7      	                                        	
0000134F	libhello_jni.so:std::string:::17988208825801258123+874	CSET            W3, GT          	                                        	
0000134F	libhello_jni.so:std::string:::17988208825801258123+878	AND             W2, W2, #1      	                                        	
0000134F	libhello_jni.so:std::string:::17988208825801258123+87C	EOR             W7, W3, W2      	X7=0000000000000000                     	
0000134F	libhello_jni.so:std::string:::17988208825801258123+880	ORR             W2, W3, W2      	                                        	
0000134F	libhello_jni.so:std::string:::17988208825801258123+884	EOR             W2, W2, #1      	X2=0000000000000001                     	
0000134F	libhello_jni.so:std::string:::17988208825801258123+888	ORR             W2, W7, W2      	                                        	
0000134F	libhello_jni.so:std::string:::17988208825801258123+88C	CMP             W2, #0          	C=1 N=0                                 	
0000134F	libhello_jni.so:std::string:::17988208825801258123+890	CSEL            W7, W6, W4, NE  	X7=000000005B3AB7B8                     	
0000134F	libhello_jni.so:std::string:::17988208825801258123+894	B               loc_73A6951154  	                                        	
0000134F	libhello_jni.so:loc_73A6951154	CMP             W7, W22         	C=0                                     	
0000134F	libhello_jni.so:std::string:::17988208825801258123+5B4	B.GT            loc_73A6951198  	                                        	
0000134F	libhello_jni.so:loc_73A6951198	CMP             W7, W13         	C=1                                     	
0000134F	libhello_jni.so:std::string:::17988208825801258123+5F8	B.GT            loc_73A69511D8  	                                        	
0000134F	libhello_jni.so:loc_73A69511D8	CMP             W7, W0          	                                        	
0000134F	libhello_jni.so:std::string:::17988208825801258123+638	B.LE            loc_73A69512E4  	                                        	
0000134F	libhello_jni.so:std::string:::17988208825801258123+63C	CMP             W7, W21         	                                        	
0000134F	libhello_jni.so:std::string:::17988208825801258123+640	B.EQ            loc_73A695139C  	                                        	
0000134F	libhello_jni.so:std::string:::17988208825801258123+644	CMP             W7, W6          	Z=1                                     	
0000134F	libhello_jni.so:std::string:::17988208825801258123+648	B.EQ            loc_73A6951470  	                                        	
0000134F	libhello_jni.so:loc_73A6951470	LDURB           W2, [X29,#-0x64]	X2=0000000000000031                     	
0000134F	libhello_jni.so:std::string:::17988208825801258123+8D0	LDURB           W3, [X29,#-0x68]	X3=000000000000005B                     	
0000134F	libhello_jni.so:std::string:::17988208825801258123+8D4	LDUR            W7, [X29,#-0x6C]	X7=0000000000000068                     	
0000134F	libhello_jni.so:std::string:::17988208825801258123+8D8	LDUR            W30, [X29,#-0x6C]	X30=0000000000000068                    	
0000134F	libhello_jni.so:std::string:::17988208825801258123+8DC	LDUR            X8, [X29,#-0x78]	X8=0000000000000003                     	
0000134F	libhello_jni.so:std::string:::17988208825801258123+8E0	BIC             W1, W2, W3      	X1=0000000000000020                     	
0000134F	libhello_jni.so:std::string:::17988208825801258123+8E4	BIC             W3, W3, W2      	X3=000000000000004A                     	
0000134F	libhello_jni.so:std::string:::17988208825801258123+8E8	MOV             X9, X5          	X9=00000073A6FCF920                     	
0000134F	libhello_jni.so:std::string:::17988208825801258123+8EC	BIC             W5, W30, W2     	X5=0000000000000048                     	
0000134F	libhello_jni.so:std::string:::17988208825801258123+8F0	BIC             W2, W2, W30     	X2=0000000000000011                     	
0000134F	libhello_jni.so:std::string:::17988208825801258123+8F4	ORR             W1, W1, W3      	X1=000000000000006A                     	
0000134F	libhello_jni.so:std::string:::17988208825801258123+8F8	ORR             W2, W5, W2      	X2=0000000000000059                     	
0000134F	libhello_jni.so:std::string:::17988208825801258123+8FC	ADD             W1, W1, W7      	X1=00000000000000D2                     	
0000134F	libhello_jni.so:std::string:::17988208825801258123+900	BIC             W3, W1, W2      	X3=0000000000000082                     	
0000134F	libhello_jni.so:std::string:::17988208825801258123+904	BIC             W1, W2, W1      	X1=0000000000000009                     	
0000134F	libhello_jni.so:std::string:::17988208825801258123+908	MOV             X5, X9          	X5=00000073A6FCF920                     	
0000134F	libhello_jni.so:std::string:::17988208825801258123+90C	ORR             W1, W3, W1      	X1=000000000000008B                     	
0000134F	libhello_jni.so:std::string:::17988208825801258123+910	STRB            W1, [X5,X8]     	                                        	
0000134F	libhello_jni.so:std::string:::17988208825801258123+914	LDUR            W8, [X29,#-0x5C]	                                        	
0000134F	libhello_jni.so:std::string:::17988208825801258123+918	LDR             W2, [X19]       	X2=0000000000000000                     	
0000134F	libhello_jni.so:std::string:::17988208825801258123+91C	MOV             W1, #0xBC18     	X1=000000000000BC18                     	
0000134F	libhello_jni.so:std::string:::17988208825801258123+920	MOVK            W1, #0x9609,LSL#16	X1=000000009609BC18                     	
0000134F	libhello_jni.so:std::string:::17988208825801258123+924	ADD             W8, W8, #1      	X8=0000000000000004                     	
0000134F	libhello_jni.so:std::string:::17988208825801258123+928	LDR             W3, [X20]       	X3=0000000000000000                     	
0000134F	libhello_jni.so:std::string:::17988208825801258123+92C	STUR            W8, [X29,#-0x60]	                                        	
0000134F	libhello_jni.so:std::string:::17988208825801258123+930	SUB             W8, W2, #1      	X8=00000000FFFFFFFF                     	
0000134F	libhello_jni.so:std::string:::17988208825801258123+934	ORN             W1, W1, W1      	X1=00000000FFFFFFFF                     	
0000134F	libhello_jni.so:std::string:::17988208825801258123+938	MADD            W8, W8, W2, WZR 	X8=0000000000000000                     	
0000134F	libhello_jni.so:std::string:::17988208825801258123+93C	AND             W8, W8, W1      	                                        	
0000134F	libhello_jni.so:std::string:::17988208825801258123+940	TST             W8, #1          	C=0                                     	
0000134F	libhello_jni.so:std::string:::17988208825801258123+944	CSET            W8, EQ          	X8=0000000000000001                     	
0000134F	libhello_jni.so:std::string:::17988208825801258123+948	CMP             W3, #0xA        	Z=0 N=1                                 	
0000134F	libhello_jni.so:std::string:::17988208825801258123+94C	CSET            W1, LT          	X1=0000000000000001                     	
0000134F	libhello_jni.so:std::string:::17988208825801258123+950	AND             W2, W1, W8      	X2=0000000000000001                     	
0000134F	libhello_jni.so:std::string:::17988208825801258123+954	EOR             W8, W1, W8      	X8=0000000000000000                     	
0000134F	libhello_jni.so:std::string:::17988208825801258123+958	ORR             W8, W2, W8      	X8=0000000000000001                     	
0000134F	libhello_jni.so:std::string:::17988208825801258123+95C	CMP             W8, #0          	C=1 N=0                                 	
0000134F	libhello_jni.so:std::string:::17988208825801258123+960	MOV             W8, #0x53F9     	X8=00000000000053F9                     	
0000134F	libhello_jni.so:std::string:::17988208825801258123+964	MOV             W9, #0x6A86     	X9=0000000000006A86                     	
0000134F	libhello_jni.so:std::string:::17988208825801258123+968	MOV             W1, #0x8ED3     	X1=0000000000008ED3                     	
0000134F	libhello_jni.so:std::string:::17988208825801258123+96C	MOVK            W8, #0x37B5,LSL#16	X8=0000000037B553F9                     	
0000134F	libhello_jni.so:std::string:::17988208825801258123+970	MOVK            W9, #0xF949,LSL#16	X9=00000000F9496A86                     	
0000134F	libhello_jni.so:std::string:::17988208825801258123+974	MOVK            W1, #0x2B5A,LSL#16	X1=000000002B5A8ED3                     	
0000134F	libhello_jni.so:std::string:::17988208825801258123+978	CSEL            W7, W8, W4, NE  	X7=0000000037B553F9                     	
0000134F	libhello_jni.so:std::string:::17988208825801258123+97C	B               loc_73A6951154  	                                        	
0000134F	libhello_jni.so:loc_73A6951154	CMP             W7, W22         	C=0                                     	
0000134F	libhello_jni.so:std::string:::17988208825801258123+5B4	B.GT            loc_73A6951198  	                                        	
0000134F	libhello_jni.so:loc_73A6951198	CMP             W7, W13         	N=1                                     	
0000134F	libhello_jni.so:std::string:::17988208825801258123+5F8	B.GT            loc_73A69511D8  	                                        	
0000134F	libhello_jni.so:std::string:::17988208825801258123+5FC	CMP             W7, W16         	C=1 N=0                                 	
0000134F	libhello_jni.so:std::string:::17988208825801258123+600	B.LE            loc_73A6951264  	                                        	
0000134F	libhello_jni.so:std::string:::17988208825801258123+604	CMP             W7, W11         	                                        	
0000134F	libhello_jni.so:std::string:::17988208825801258123+608	B.EQ            loc_73A695136C  	                                        	
0000134F	libhello_jni.so:std::string:::17988208825801258123+60C	CMP             W7, W1          	                                        	
0000134F	libhello_jni.so:std::string:::17988208825801258123+610	B.EQ            loc_73A6951448  	                                        	
0000134F	libhello_jni.so:std::string:::17988208825801258123+614	MOV             W8, #0x53F9     	X8=00000000000053F9                     	
0000134F	libhello_jni.so:std::string:::17988208825801258123+618	MOVK            W8, #0x37B5,LSL#16	X8=0000000037B553F9                     	
0000134F	libhello_jni.so:std::string:::17988208825801258123+61C	CMP             W7, W8          	Z=1                                     	
0000134F	libhello_jni.so:std::string:::17988208825801258123+620	B.NE            loc_73A6951154  	                                        	
0000134F	libhello_jni.so:std::string:::17988208825801258123+624	LDUR            W26, [X29,#-0x60]	X26=0000000000000004                    	
0000134F	libhello_jni.so:std::string:::17988208825801258123+628	MOV             W7, #0x8ED3     	X7=0000000000008ED3                     	
0000134F	libhello_jni.so:std::string:::17988208825801258123+62C	MOVK            W7, #0x2B5A,LSL#16	X7=000000002B5A8ED3                     	
0000134F	libhello_jni.so:std::string:::17988208825801258123+630	B               loc_73A6951154  	                                        	
0000134F	libhello_jni.so:loc_73A6951154	CMP             W7, W22         	C=0 Z=0                                 	
0000134F	libhello_jni.so:std::string:::17988208825801258123+5B4	B.GT            loc_73A6951198  	                                        	
0000134F	libhello_jni.so:loc_73A6951198	CMP             W7, W13         	N=1                                     	
0000134F	libhello_jni.so:std::string:::17988208825801258123+5F8	B.GT            loc_73A69511D8  	                                        	
0000134F	libhello_jni.so:std::string:::17988208825801258123+5FC	CMP             W7, W16         	C=1 N=0                                 	
0000134F	libhello_jni.so:std::string:::17988208825801258123+600	B.LE            loc_73A6951264  	                                        	
0000134F	libhello_jni.so:std::string:::17988208825801258123+604	CMP             W7, W11         	                                        	
0000134F	libhello_jni.so:std::string:::17988208825801258123+608	B.EQ            loc_73A695136C  	                                        	
0000134F	libhello_jni.so:std::string:::17988208825801258123+60C	CMP             W7, W1          	Z=1                                     	
0000134F	libhello_jni.so:std::string:::17988208825801258123+610	B.EQ            loc_73A6951448  	                                        	
0000134F	libhello_jni.so:loc_73A6951448	STUR            W26, [X29,#-0x5C]	                                        	
0000134F	libhello_jni.so:std::string:::17988208825801258123+8A8	LDURSW          X2, [X29,#-0x5C]	X2=0000000000000004                     	
0000134F	libhello_jni.so:std::string:::17988208825801258123+8AC	STUR            X2, [X29,#-0x78]	                                        	
0000134F	libhello_jni.so:std::string:::17988208825801258123+8B0	LDUR            X2, [X29,#-0x78]	                                        	
0000134F	libhello_jni.so:std::string:::17988208825801258123+8B4	LDUR            X8, [X29,#-0x98]	X8=0000000000000010                     	
0000134F	libhello_jni.so:std::string:::17988208825801258123+8B8	CMP             X2, X8          	C=0 Z=0 N=1                             	
0000134F	libhello_jni.so:std::string:::17988208825801258123+8BC	MOV             W8, #0x25D7     	X8=00000000000025D7                     	
0000134F	libhello_jni.so:std::string:::17988208825801258123+8C0	MOVK            W8, #0x4289,LSL#16	X8=00000000428925D7                     	
0000134F	libhello_jni.so:std::string:::17988208825801258123+8C4	CSEL            W7, W11, W8, CC 	X7=000000001C107584                     	
0000134F	libhello_jni.so:std::string:::17988208825801258123+8C8	B               loc_73A6951154  	                                        	
0000134F	libhello_jni.so:loc_73A6951154	CMP             W7, W22         	N=0                                     	
0000134F	libhello_jni.so:std::string:::17988208825801258123+5B4	B.GT            loc_73A6951198  	                                        	
0000134F	libhello_jni.so:loc_73A6951198	CMP             W7, W13         	N=1                                     	
0000134F	libhello_jni.so:std::string:::17988208825801258123+5F8	B.GT            loc_73A69511D8  	                                        	
0000134F	libhello_jni.so:std::string:::17988208825801258123+5FC	CMP             W7, W16         	C=1 N=0                                 	
0000134F	libhello_jni.so:std::string:::17988208825801258123+600	B.LE            loc_73A6951264  	                                        	
0000134F	libhello_jni.so:std::string:::17988208825801258123+604	CMP             W7, W11         	Z=1                                     	
0000134F	libhello_jni.so:std::string:::17988208825801258123+608	B.EQ            loc_73A695136C  	                                        	
0000134F	libhello_jni.so:loc_73A695136C	LDUR            W2, [X29,#-0x5C]	                                        	
0000134F	libhello_jni.so:std::string:::17988208825801258123+7CC	LDUR            X3, [X29,#-0x88]	X3=0000007FE7462420                     	
0000134F	libhello_jni.so:std::string:::17988208825801258123+7D0	MOV             W8, #0x87B1     	X8=00000000000087B1                     	
0000134F	libhello_jni.so:std::string:::17988208825801258123+7D4	MOVK            W8, #0x786F,LSL#16	X8=00000000786F87B1                     	
0000134F	libhello_jni.so:std::string:::17988208825801258123+7D8	ORN             W7, W8, W8      	X7=00000000FFFFFFFF                     	
0000134F	libhello_jni.so:std::string:::17988208825801258123+7DC	AND             W2, W2, #0xF    	                                        	
0000134F	libhello_jni.so:std::string:::17988208825801258123+7E0	AND             X2, X2, X7      	                                        	
0000134F	libhello_jni.so:std::string:::17988208825801258123+7E4	LDRB            W2, [X3,X2]     	X2=00000000000000A5                     	
0000134F	libhello_jni.so:std::string:::17988208825801258123+7E8	MOV             W7, #0xB514     	X7=000000000000B514                     	
0000134F	libhello_jni.so:std::string:::17988208825801258123+7EC	MOVK            W7, #0x1579,LSL#16	X7=000000001579B514                     	
0000134F	libhello_jni.so:std::string:::17988208825801258123+7F0	STURB           W2, [X29,#-0x70]	                                        	
0000134F	libhello_jni.so:std::string:::17988208825801258123+7F4	B               loc_73A6951154  	                                        	
0000134F	libhello_jni.so:loc_73A6951154	CMP             W7, W22         	C=0 Z=0                                 	
0000134F	libhello_jni.so:std::string:::17988208825801258123+5B4	B.GT            loc_73A6951198  	                                        	
0000134F	libhello_jni.so:loc_73A6951198	CMP             W7, W13         	N=1                                     	
0000134F	libhello_jni.so:std::string:::17988208825801258123+5F8	B.GT            loc_73A69511D8  	                                        	
0000134F	libhello_jni.so:std::string:::17988208825801258123+5FC	CMP             W7, W16         	                                        	
0000134F	libhello_jni.so:std::string:::17988208825801258123+600	B.LE            loc_73A6951264  	                                        	
0000134F	libhello_jni.so:loc_73A6951264	CMP             W7, W9          	N=0                                     	
0000134F	libhello_jni.so:std::string:::17988208825801258123+6C4	B.EQ            loc_73A69515B0  	                                        	
0000134F	libhello_jni.so:std::string:::17988208825801258123+6C8	MOV             W8, #0xB514     	X8=000000000000B514                     	
0000134F	libhello_jni.so:std::string:::17988208825801258123+6CC	MOVK            W8, #0x1579,LSL#16	X8=000000001579B514                     	
0000134F	libhello_jni.so:std::string:::17988208825801258123+6D0	CMP             W7, W8          	C=1 Z=1                                 	
0000134F	libhello_jni.so:std::string:::17988208825801258123+6D4	B.NE            loc_73A6951154  	                                        	
0000134F	libhello_jni.so:std::string:::17988208825801258123+6D8	LDUR            X2, [X29,#-0x78]	X2=0000000000000004                     	
0000134F	libhello_jni.so:std::string:::17988208825801258123+6DC	LDUR            X8, [X29,#-0xA0]	X8=00000074396C5200                     	
0000134F	libhello_jni.so:std::string:::17988208825801258123+6E0	MOV             W30, #0x25      	X30=0000000000000025                    	
0000134F	libhello_jni.so:std::string:::17988208825801258123+6E4	LDRB            W2, [X8,X2]     	X2=0000000000000034                     	
0000134F	libhello_jni.so:std::string:::17988208825801258123+6E8	LDURB           W3, [X29,#-0x70]	X3=00000000000000A5                     	
0000134F	libhello_jni.so:std::string:::17988208825801258123+6EC	MOV             W8, #0xDA       	X8=00000000000000DA                     	
0000134F	libhello_jni.so:std::string:::17988208825801258123+6F0	BIC             W7, W8, W2      	X7=00000000000000CA                     	
0000134F	libhello_jni.so:std::string:::17988208825801258123+6F4	STUR            W3, [X29,#-0x6C]	                                        	
0000134F	libhello_jni.so:std::string:::17988208825801258123+6F8	LDUR            W3, [X29,#-0x6C]	                                        	
0000134F	libhello_jni.so:std::string:::17988208825801258123+6FC	AND             W2, W2, W30     	X2=0000000000000024                     	
0000134F	libhello_jni.so:std::string:::17988208825801258123+700	ORR             W2, W7, W2      	X2=00000000000000EE                     	
0000134F	libhello_jni.so:std::string:::17988208825801258123+704	BIC             W7, W8, W3      	X7=000000000000005A                     	
0000134F	libhello_jni.so:std::string:::17988208825801258123+708	AND             W3, W3, W30     	X3=0000000000000025                     	
0000134F	libhello_jni.so:std::string:::17988208825801258123+70C	ORR             W3, W7, W3      	X3=000000000000007F                     	
0000134F	libhello_jni.so:std::string:::17988208825801258123+710	EOR             W2, W2, W3      	X2=0000000000000091                     	
0000134F	libhello_jni.so:std::string:::17988208825801258123+714	STURB           W2, [X29,#-0x68]	                                        	
0000134F	libhello_jni.so:std::string:::17988208825801258123+718	LDUR            W2, [X29,#-0x5C]	X2=0000000000000004                     	
0000134F	libhello_jni.so:std::string:::17988208825801258123+71C	ADRP            X8, #a9d9107e02f0f07@PAGE; \"9d9107e02f0f07984956767ab1ac87e5\"	X8=00000073A697B000                     	
0000134F	libhello_jni.so:std::string:::17988208825801258123+720	ADD             X8, X8, #a9d9107e02f0f07@PAGEOFF; \"9d9107e02f0f07984956767ab1ac87e5\"	X8=00000073A697B1A0                     	
0000134F	libhello_jni.so:std::string:::17988208825801258123+724	MOV             W7, #0x4E09     	X7=0000000000004E09                     	
0000134F	libhello_jni.so:std::string:::17988208825801258123+728	EOR             W3, W2, #0xFFFFFFF8	X3=00000000FFFFFFFC                     	
0000134F	libhello_jni.so:std::string:::17988208825801258123+72C	AND             X2, X3, X2      	                                        	
0000134F	libhello_jni.so:std::string:::17988208825801258123+730	LDRB            W2, [X8,X2]     	X2=0000000000000030                     	
0000134F	libhello_jni.so:std::string:::17988208825801258123+734	MOVK            W7, #0x980E,LSL#16	X7=00000000980E4E09                     	
0000134F	libhello_jni.so:std::string:::17988208825801258123+738	STURB           W2, [X29,#-0x64]	                                        	
0000134F	libhello_jni.so:std::string:::17988208825801258123+73C	B               loc_73A6951154  	                                        	
0000134F	libhello_jni.so:loc_73A6951154	CMP             W7, W22         	C=0 Z=0 N=1                             	
0000134F	libhello_jni.so:std::string:::17988208825801258123+5B4	B.GT            loc_73A6951198  	                                        	
0000134F	libhello_jni.so:std::string:::17988208825801258123+5B8	CMP             W7, W23         	                                        	
0000134F	libhello_jni.so:std::string:::17988208825801258123+5BC	B.LE            loc_73A695120C  	                                        	
0000134F	libhello_jni.so:loc_73A695120C	CMP             W7, W24         	C=1 N=0                                 	
0000134F	libhello_jni.so:std::string:::17988208825801258123+66C	B.LE            loc_73A6951350  	                                        	
0000134F	libhello_jni.so:std::string:::17988208825801258123+670	CMP             W7, W25         	Z=1                                     	
0000134F	libhello_jni.so:std::string:::17988208825801258123+674	B.EQ            loc_73A69513F4  	                                        	
0000134F	libhello_jni.so:loc_73A69513F4	LDR             W2, [X20]       	X2=0000000000000000                     	
0000134F	libhello_jni.so:std::string:::17988208825801258123+854	LDR             W3, [X19]       	X3=0000000000000000                     	
0000134F	libhello_jni.so:std::string:::17988208825801258123+858	MOV             W8, #0xF041     	X8=000000000000F041                     	
0000134F	libhello_jni.so:std::string:::17988208825801258123+85C	MOVK            W8, #0xD335,LSL#16	X8=00000000D335F041                     	
0000134F	libhello_jni.so:std::string:::17988208825801258123+860	CMP             W2, #9          	C=0 Z=0 N=1                             	
0000134F	libhello_jni.so:std::string:::17988208825801258123+864	SUB             W2, W3, #1      	X2=00000000FFFFFFFF                     	
0000134F	libhello_jni.so:std::string:::17988208825801258123+868	ORN             W7, W8, W8      	X7=00000000FFFFFFFF                     	
0000134F	libhello_jni.so:std::string:::17988208825801258123+86C	MADD            W2, W2, W3, WZR 	X2=0000000000000000                     	
0000134F	libhello_jni.so:std::string:::17988208825801258123+870	AND             W2, W2, W7      	                                        	
0000134F	libhello_jni.so:std::string:::17988208825801258123+874	CSET            W3, GT          	                                        	
0000134F	libhello_jni.so:std::string:::17988208825801258123+878	AND             W2, W2, #1      	                                        	
0000134F	libhello_jni.so:std::string:::17988208825801258123+87C	EOR             W7, W3, W2      	X7=0000000000000000                     	
0000134F	libhello_jni.so:std::string:::17988208825801258123+880	ORR             W2, W3, W2      	                                        	
0000134F	libhello_jni.so:std::string:::17988208825801258123+884	EOR             W2, W2, #1      	X2=0000000000000001                     	
0000134F	libhello_jni.so:std::string:::17988208825801258123+888	ORR             W2, W7, W2      	                                        	
0000134F	libhello_jni.so:std::string:::17988208825801258123+88C	CMP             W2, #0          	C=1 N=0                                 	
0000134F	libhello_jni.so:std::string:::17988208825801258123+890	CSEL            W7, W6, W4, NE  	X7=000000005B3AB7B8                     	
0000134F	libhello_jni.so:std::string:::17988208825801258123+894	B               loc_73A6951154  	                                        	
0000134F	libhello_jni.so:loc_73A6951154	CMP             W7, W22         	C=0                                     	
0000134F	libhello_jni.so:std::string:::17988208825801258123+5B4	B.GT            loc_73A6951198  	                                        	
0000134F	libhello_jni.so:loc_73A6951198	CMP             W7, W13         	C=1                                     	
0000134F	libhello_jni.so:std::string:::17988208825801258123+5F8	B.GT            loc_73A69511D8  	                                        	
0000134F	libhello_jni.so:loc_73A69511D8	CMP             W7, W0          	                                        	
0000134F	libhello_jni.so:std::string:::17988208825801258123+638	B.LE            loc_73A69512E4  	                                        	
0000134F	libhello_jni.so:std::string:::17988208825801258123+63C	CMP             W7, W21         	                                        	
0000134F	libhello_jni.so:std::string:::17988208825801258123+640	B.EQ            loc_73A695139C  	                                        	
0000134F	libhello_jni.so:std::string:::17988208825801258123+644	CMP             W7, W6          	Z=1                                     	
0000134F	libhello_jni.so:std::string:::17988208825801258123+648	B.EQ            loc_73A6951470  	                                        	
0000134F	libhello_jni.so:loc_73A6951470	LDURB           W2, [X29,#-0x64]	X2=0000000000000030                     	
0000134F	libhello_jni.so:std::string:::17988208825801258123+8D0	LDURB           W3, [X29,#-0x68]	X3=0000000000000091                     	
0000134F	libhello_jni.so:std::string:::17988208825801258123+8D4	LDUR            W7, [X29,#-0x6C]	X7=00000000000000A5                     	
0000134F	libhello_jni.so:std::string:::17988208825801258123+8D8	LDUR            W30, [X29,#-0x6C]	X30=00000000000000A5                    	
0000134F	libhello_jni.so:std::string:::17988208825801258123+8DC	LDUR            X8, [X29,#-0x78]	X8=0000000000000004                     	
0000134F	libhello_jni.so:std::string:::17988208825801258123+8E0	BIC             W1, W2, W3      	X1=0000000000000020                     	
0000134F	libhello_jni.so:std::string:::17988208825801258123+8E4	BIC             W3, W3, W2      	X3=0000000000000081                     	
0000134F	libhello_jni.so:std::string:::17988208825801258123+8E8	MOV             X9, X5          	X9=00000073A6FCF920                     	
0000134F	libhello_jni.so:std::string:::17988208825801258123+8EC	BIC             W5, W30, W2     	X5=0000000000000085                     	
0000134F	libhello_jni.so:std::string:::17988208825801258123+8F0	BIC             W2, W2, W30     	X2=0000000000000010                     	
0000134F	libhello_jni.so:std::string:::17988208825801258123+8F4	ORR             W1, W1, W3      	X1=00000000000000A1                     	
0000134F	libhello_jni.so:std::string:::17988208825801258123+8F8	ORR             W2, W5, W2      	X2=0000000000000095                     	
0000134F	libhello_jni.so:std::string:::17988208825801258123+8FC	ADD             W1, W1, W7      	X1=0000000000000146                     	
0000134F	libhello_jni.so:std::string:::17988208825801258123+900	BIC             W3, W1, W2      	X3=0000000000000142                     	
0000134F	libhello_jni.so:std::string:::17988208825801258123+904	BIC             W1, W2, W1      	X1=0000000000000091                     	
0000134F	libhello_jni.so:std::string:::17988208825801258123+908	MOV             X5, X9          	X5=00000073A6FCF920                     	
0000134F	libhello_jni.so:std::string:::17988208825801258123+90C	ORR             W1, W3, W1      	X1=00000000000001D3                     	
0000134F	libhello_jni.so:std::string:::17988208825801258123+910	STRB            W1, [X5,X8]     	                                        	
0000134F	libhello_jni.so:std::string:::17988208825801258123+914	LDUR            W8, [X29,#-0x5C]	                                        	
0000134F	libhello_jni.so:std::string:::17988208825801258123+918	LDR             W2, [X19]       	X2=0000000000000000                     	
0000134F	libhello_jni.so:std::string:::17988208825801258123+91C	MOV             W1, #0xBC18     	X1=000000000000BC18                     	
0000134F	libhello_jni.so:std::string:::17988208825801258123+920	MOVK            W1, #0x9609,LSL#16	X1=000000009609BC18                     	
0000134F	libhello_jni.so:std::string:::17988208825801258123+924	ADD             W8, W8, #1      	X8=0000000000000005                     	
0000134F	libhello_jni.so:std::string:::17988208825801258123+928	LDR             W3, [X20]       	X3=0000000000000000                     	
0000134F	libhello_jni.so:std::string:::17988208825801258123+92C	STUR            W8, [X29,#-0x60]	                                        	
0000134F	libhello_jni.so:std::string:::17988208825801258123+930	SUB             W8, W2, #1      	X8=00000000FFFFFFFF                     	
0000134F	libhello_jni.so:std::string:::17988208825801258123+934	ORN             W1, W1, W1      	X1=00000000FFFFFFFF                     	
0000134F	libhello_jni.so:std::string:::17988208825801258123+938	MADD            W8, W8, W2, WZR 	X8=0000000000000000                     	
0000134F	libhello_jni.so:std::string:::17988208825801258123+93C	AND             W8, W8, W1      	                                        	
0000134F	libhello_jni.so:std::string:::17988208825801258123+940	TST             W8, #1          	C=0                                     	
0000134F	libhello_jni.so:std::string:::17988208825801258123+944	CSET            W8, EQ          	X8=0000000000000001                     	
0000134F	libhello_jni.so:std::string:::17988208825801258123+948	CMP             W3, #0xA        	Z=0 N=1                                 	
0000134F	libhello_jni.so:std::string:::17988208825801258123+94C	CSET            W1, LT          	X1=0000000000000001                     	
0000134F	libhello_jni.so:std::string:::17988208825801258123+950	AND             W2, W1, W8      	X2=0000000000000001                     	
0000134F	libhello_jni.so:std::string:::17988208825801258123+954	EOR             W8, W1, W8      	X8=0000000000000000                     	
0000134F	libhello_jni.so:std::string:::17988208825801258123+958	ORR             W8, W2, W8      	X8=0000000000000001                     	
0000134F	libhello_jni.so:std::string:::17988208825801258123+95C	CMP             W8, #0          	C=1 N=0                                 	
0000134F	libhello_jni.so:std::string:::17988208825801258123+960	MOV             W8, #0x53F9     	X8=00000000000053F9                     	
0000134F	libhello_jni.so:std::string:::17988208825801258123+964	MOV             W9, #0x6A86     	X9=0000000000006A86                     	
0000134F	libhello_jni.so:std::string:::17988208825801258123+968	MOV             W1, #0x8ED3     	X1=0000000000008ED3                     	
0000134F	libhello_jni.so:std::string:::17988208825801258123+96C	MOVK            W8, #0x37B5,LSL#16	X8=0000000037B553F9                     	
0000134F	libhello_jni.so:std::string:::17988208825801258123+970	MOVK            W9, #0xF949,LSL#16	X9=00000000F9496A86                     	
0000134F	libhello_jni.so:std::string:::17988208825801258123+974	MOVK            W1, #0x2B5A,LSL#16	X1=000000002B5A8ED3                     	
0000134F	libhello_jni.so:std::string:::17988208825801258123+978	CSEL            W7, W8, W4, NE  	X7=0000000037B553F9                     	
0000134F	libhello_jni.so:std::string:::17988208825801258123+97C	B               loc_73A6951154  	                                        	
0000134F	libhello_jni.so:loc_73A6951154	CMP             W7, W22         	C=0                                     	
0000134F	libhello_jni.so:std::string:::17988208825801258123+5B4	B.GT            loc_73A6951198  	                                        	
0000134F	libhello_jni.so:loc_73A6951198	CMP             W7, W13         	N=1                                     	
0000134F	libhello_jni.so:std::string:::17988208825801258123+5F8	B.GT            loc_73A69511D8  	                                        	
0000134F	libhello_jni.so:std::string:::17988208825801258123+5FC	CMP             W7, W16         	C=1 N=0                                 	
0000134F	libhello_jni.so:std::string:::17988208825801258123+600	B.LE            loc_73A6951264  	                                        	
0000134F	libhello_jni.so:std::string:::17988208825801258123+604	CMP             W7, W11         	                                        	
0000134F	libhello_jni.so:std::string:::17988208825801258123+608	B.EQ            loc_73A695136C  	                                        	
0000134F	libhello_jni.so:std::string:::17988208825801258123+60C	CMP             W7, W1          	                                        	
0000134F	libhello_jni.so:std::string:::17988208825801258123+610	B.EQ            loc_73A6951448  	                                        	
0000134F	libhello_jni.so:std::string:::17988208825801258123+614	MOV             W8, #0x53F9     	X8=00000000000053F9                     	
0000134F	libhello_jni.so:std::string:::17988208825801258123+618	MOVK            W8, #0x37B5,LSL#16	X8=0000000037B553F9                     	
0000134F	libhello_jni.so:std::string:::17988208825801258123+61C	CMP             W7, W8          	Z=1                                     	
0000134F	libhello_jni.so:std::string:::17988208825801258123+620	B.NE            loc_73A6951154  	                                        	
0000134F	libhello_jni.so:std::string:::17988208825801258123+624	LDUR            W26, [X29,#-0x60]	X26=0000000000000005                    	
0000134F	libhello_jni.so:std::string:::17988208825801258123+628	MOV             W7, #0x8ED3     	X7=0000000000008ED3                     	
0000134F	libhello_jni.so:std::string:::17988208825801258123+62C	MOVK            W7, #0x2B5A,LSL#16	X7=000000002B5A8ED3                     	
0000134F	libhello_jni.so:std::string:::17988208825801258123+630	B               loc_73A6951154  	                                        	
0000134F	libhello_jni.so:loc_73A6951154	CMP             W7, W22         	C=0 Z=0                                 	
0000134F	libhello_jni.so:std::string:::17988208825801258123+5B4	B.GT            loc_73A6951198  	                                        	
0000134F	libhello_jni.so:loc_73A6951198	CMP             W7, W13         	N=1                                     	
0000134F	libhello_jni.so:std::string:::17988208825801258123+5F8	B.GT            loc_73A69511D8  	                                        	
0000134F	libhello_jni.so:std::string:::17988208825801258123+5FC	CMP             W7, W16         	C=1 N=0                                 	
0000134F	libhello_jni.so:std::string:::17988208825801258123+600	B.LE            loc_73A6951264  	                                        	
0000134F	libhello_jni.so:std::string:::17988208825801258123+604	CMP             W7, W11         	                                        	
0000134F	libhello_jni.so:std::string:::17988208825801258123+608	B.EQ            loc_73A695136C  	                                        	
0000134F	libhello_jni.so:std::string:::17988208825801258123+60C	CMP             W7, W1          	Z=1                                     	
0000134F	libhello_jni.so:std::string:::17988208825801258123+610	B.EQ            loc_73A6951448  	                                        	
0000134F	libhello_jni.so:loc_73A6951448	STUR            W26, [X29,#-0x5C]	                                        	
0000134F	libhello_jni.so:std::string:::17988208825801258123+8A8	LDURSW          X2, [X29,#-0x5C]	X2=0000000000000005                     	
0000134F	libhello_jni.so:std::string:::17988208825801258123+8AC	STUR            X2, [X29,#-0x78]	                                        	
0000134F	libhello_jni.so:std::string:::17988208825801258123+8B0	LDUR            X2, [X29,#-0x78]	                                        	
0000134F	libhello_jni.so:std::string:::17988208825801258123+8B4	LDUR            X8, [X29,#-0x98]	X8=0000000000000010                     	
0000134F	libhello_jni.so:std::string:::17988208825801258123+8B8	CMP             X2, X8          	C=0 Z=0 N=1                             	
0000134F	libhello_jni.so:std::string:::17988208825801258123+8BC	MOV             W8, #0x25D7     	X8=00000000000025D7                     	
0000134F	libhello_jni.so:std::string:::17988208825801258123+8C0	MOVK            W8, #0x4289,LSL#16	X8=00000000428925D7                     	
0000134F	libhello_jni.so:std::string:::17988208825801258123+8C4	CSEL            W7, W11, W8, CC 	X7=000000001C107584                     	
0000134F	libhello_jni.so:std::string:::17988208825801258123+8C8	B               loc_73A6951154  	                                        	
0000134F	libhello_jni.so:loc_73A6951154	CMP             W7, W22         	N=0                                     	
0000134F	libhello_jni.so:std::string:::17988208825801258123+5B4	B.GT            loc_73A6951198  	                                        	
0000134F	libhello_jni.so:loc_73A6951198	CMP             W7, W13         	N=1                                     	
0000134F	libhello_jni.so:std::string:::17988208825801258123+5F8	B.GT            loc_73A69511D8  	                                        	
0000134F	libhello_jni.so:std::string:::17988208825801258123+5FC	CMP             W7, W16         	C=1 N=0                                 	
0000134F	libhello_jni.so:std::string:::17988208825801258123+600	B.LE            loc_73A6951264  	                                        	
0000134F	libhello_jni.so:std::string:::17988208825801258123+604	CMP             W7, W11         	Z=1                                     	
0000134F	libhello_jni.so:std::string:::17988208825801258123+608	B.EQ            loc_73A695136C  	                                        	
0000134F	libhello_jni.so:loc_73A695136C	LDUR            W2, [X29,#-0x5C]	                                        	
0000134F	libhello_jni.so:std::string:::17988208825801258123+7CC	LDUR            X3, [X29,#-0x88]	X3=0000007FE7462420                     	
0000134F	libhello_jni.so:std::string:::17988208825801258123+7D0	MOV             W8, #0x87B1     	X8=00000000000087B1                     	
0000134F	libhello_jni.so:std::string:::17988208825801258123+7D4	MOVK            W8, #0x786F,LSL#16	X8=00000000786F87B1                     	
0000134F	libhello_jni.so:std::string:::17988208825801258123+7D8	ORN             W7, W8, W8      	X7=00000000FFFFFFFF                     	
0000134F	libhello_jni.so:std::string:::17988208825801258123+7DC	AND             W2, W2, #0xF    	                                        	
0000134F	libhello_jni.so:std::string:::17988208825801258123+7E0	AND             X2, X2, X7      	                                        	
0000134F	libhello_jni.so:std::string:::17988208825801258123+7E4	LDRB            W2, [X3,X2]     	X2=000000000000003D                     	
0000134F	libhello_jni.so:std::string:::17988208825801258123+7E8	MOV             W7, #0xB514     	X7=000000000000B514                     	
0000134F	libhello_jni.so:std::string:::17988208825801258123+7EC	MOVK            W7, #0x1579,LSL#16	X7=000000001579B514                     	
0000134F	libhello_jni.so:std::string:::17988208825801258123+7F0	STURB           W2, [X29,#-0x70]	                                        	
0000134F	libhello_jni.so:std::string:::17988208825801258123+7F4	B               loc_73A6951154  	                                        	
0000134F	libhello_jni.so:loc_73A6951154	CMP             W7, W22         	C=0 Z=0                                 	
0000134F	libhello_jni.so:std::string:::17988208825801258123+5B4	B.GT            loc_73A6951198  	                                        	
0000134F	libhello_jni.so:loc_73A6951198	CMP             W7, W13         	N=1                                     	
0000134F	libhello_jni.so:std::string:::17988208825801258123+5F8	B.GT            loc_73A69511D8  	                                        	
0000134F	libhello_jni.so:std::string:::17988208825801258123+5FC	CMP             W7, W16         	                                        	
0000134F	libhello_jni.so:std::string:::17988208825801258123+600	B.LE            loc_73A6951264  	                                        	
0000134F	libhello_jni.so:loc_73A6951264	CMP             W7, W9          	N=0                                     	
0000134F	libhello_jni.so:std::string:::17988208825801258123+6C4	B.EQ            loc_73A69515B0  	                                        	
0000134F	libhello_jni.so:std::string:::17988208825801258123+6C8	MOV             W8, #0xB514     	X8=000000000000B514                     	
0000134F	libhello_jni.so:std::string:::17988208825801258123+6CC	MOVK            W8, #0x1579,LSL#16	X8=000000001579B514                     	
0000134F	libhello_jni.so:std::string:::17988208825801258123+6D0	CMP             W7, W8          	C=1 Z=1                                 	
0000134F	libhello_jni.so:std::string:::17988208825801258123+6D4	B.NE            loc_73A6951154  	                                        	
0000134F	libhello_jni.so:std::string:::17988208825801258123+6D8	LDUR            X2, [X29,#-0x78]	X2=0000000000000005                     	
0000134F	libhello_jni.so:std::string:::17988208825801258123+6DC	LDUR            X8, [X29,#-0xA0]	X8=00000074396C5200                     	
0000134F	libhello_jni.so:std::string:::17988208825801258123+6E0	MOV             W30, #0x25      	X30=0000000000000025                    	
0000134F	libhello_jni.so:std::string:::17988208825801258123+6E4	LDRB            W2, [X8,X2]     	X2=0000000000000035                     	
0000134F	libhello_jni.so:std::string:::17988208825801258123+6E8	LDURB           W3, [X29,#-0x70]	X3=000000000000003D                     	
0000134F	libhello_jni.so:std::string:::17988208825801258123+6EC	MOV             W8, #0xDA       	X8=00000000000000DA                     	
0000134F	libhello_jni.so:std::string:::17988208825801258123+6F0	BIC             W7, W8, W2      	X7=00000000000000CA                     	
0000134F	libhello_jni.so:std::string:::17988208825801258123+6F4	STUR            W3, [X29,#-0x6C]	                                        	
0000134F	libhello_jni.so:std::string:::17988208825801258123+6F8	LDUR            W3, [X29,#-0x6C]	                                        	
0000134F	libhello_jni.so:std::string:::17988208825801258123+6FC	AND             W2, W2, W30     	X2=0000000000000025                     	
0000134F	libhello_jni.so:std::string:::17988208825801258123+700	ORR             W2, W7, W2      	X2=00000000000000EF                     	
0000134F	libhello_jni.so:std::string:::17988208825801258123+704	BIC             W7, W8, W3      	X7=00000000000000C2                     	
0000134F	libhello_jni.so:std::string:::17988208825801258123+708	AND             W3, W3, W30     	X3=0000000000000025                     	
0000134F	libhello_jni.so:std::string:::17988208825801258123+70C	ORR             W3, W7, W3      	X3=00000000000000E7                     	
0000134F	libhello_jni.so:std::string:::17988208825801258123+710	EOR             W2, W2, W3      	X2=0000000000000008                     	
0000134F	libhello_jni.so:std::string:::17988208825801258123+714	STURB           W2, [X29,#-0x68]	                                        	
0000134F	libhello_jni.so:std::string:::17988208825801258123+718	LDUR            W2, [X29,#-0x5C]	X2=0000000000000005                     	
0000134F	libhello_jni.so:std::string:::17988208825801258123+71C	ADRP            X8, #a9d9107e02f0f07@PAGE; \"9d9107e02f0f07984956767ab1ac87e5\"	X8=00000073A697B000                     	
0000134F	libhello_jni.so:std::string:::17988208825801258123+720	ADD             X8, X8, #a9d9107e02f0f07@PAGEOFF; \"9d9107e02f0f07984956767ab1ac87e5\"	X8=00000073A697B1A0                     	
0000134F	libhello_jni.so:std::string:::17988208825801258123+724	MOV             W7, #0x4E09     	X7=0000000000004E09                     	
0000134F	libhello_jni.so:std::string:::17988208825801258123+728	EOR             W3, W2, #0xFFFFFFF8	X3=00000000FFFFFFFD                     	
0000134F	libhello_jni.so:std::string:::17988208825801258123+72C	AND             X2, X3, X2      	                                        	
0000134F	libhello_jni.so:std::string:::17988208825801258123+730	LDRB            W2, [X8,X2]     	X2=0000000000000037                     	
0000134F	libhello_jni.so:std::string:::17988208825801258123+734	MOVK            W7, #0x980E,LSL#16	X7=00000000980E4E09                     	
0000134F	libhello_jni.so:std::string:::17988208825801258123+738	STURB           W2, [X29,#-0x64]	                                        	
0000134F	libhello_jni.so:std::string:::17988208825801258123+73C	B               loc_73A6951154  	                                        	
0000134F	libhello_jni.so:loc_73A6951154	CMP             W7, W22         	C=0 Z=0 N=1                             	
0000134F	libhello_jni.so:std::string:::17988208825801258123+5B4	B.GT            loc_73A6951198  	                                        	
0000134F	libhello_jni.so:std::string:::17988208825801258123+5B8	CMP             W7, W23         	                                        	
0000134F	libhello_jni.so:std::string:::17988208825801258123+5BC	B.LE            loc_73A695120C  	                                        	
0000134F	libhello_jni.so:loc_73A695120C	CMP             W7, W24         	C=1 N=0                                 	
0000134F	libhello_jni.so:std::string:::17988208825801258123+66C	B.LE            loc_73A6951350  	                                        	
0000134F	libhello_jni.so:std::string:::17988208825801258123+670	CMP             W7, W25         	Z=1                                     	
0000134F	libhello_jni.so:std::string:::17988208825801258123+674	B.EQ            loc_73A69513F4  	                                        	
0000134F	libhello_jni.so:loc_73A69513F4	LDR             W2, [X20]       	X2=0000000000000000                     	
0000134F	libhello_jni.so:std::string:::17988208825801258123+854	LDR             W3, [X19]       	X3=0000000000000000                     	
0000134F	libhello_jni.so:std::string:::17988208825801258123+858	MOV             W8, #0xF041     	X8=000000000000F041                     	
0000134F	libhello_jni.so:std::string:::17988208825801258123+85C	MOVK            W8, #0xD335,LSL#16	X8=00000000D335F041                     	
0000134F	libhello_jni.so:std::string:::17988208825801258123+860	CMP             W2, #9          	C=0 Z=0 N=1                             	
0000134F	libhello_jni.so:std::string:::17988208825801258123+864	SUB             W2, W3, #1      	X2=00000000FFFFFFFF                     	
0000134F	libhello_jni.so:std::string:::17988208825801258123+868	ORN             W7, W8, W8      	X7=00000000FFFFFFFF                     	
0000134F	libhello_jni.so:std::string:::17988208825801258123+86C	MADD            W2, W2, W3, WZR 	X2=0000000000000000                     	
0000134F	libhello_jni.so:std::string:::17988208825801258123+870	AND             W2, W2, W7      	                                        	
0000134F	libhello_jni.so:std::string:::17988208825801258123+874	CSET            W3, GT          	                                        	
0000134F	libhello_jni.so:std::string:::17988208825801258123+878	AND             W2, W2, #1      	                                        	
0000134F	libhello_jni.so:std::string:::17988208825801258123+87C	EOR             W7, W3, W2      	X7=0000000000000000                     	
0000134F	libhello_jni.so:std::string:::17988208825801258123+880	ORR             W2, W3, W2      	                                        	
0000134F	libhello_jni.so:std::string:::17988208825801258123+884	EOR             W2, W2, #1      	X2=0000000000000001                     	
0000134F	libhello_jni.so:std::string:::17988208825801258123+888	ORR             W2, W7, W2      	                                        	
0000134F	libhello_jni.so:std::string:::17988208825801258123+88C	CMP             W2, #0          	C=1 N=0                                 	
0000134F	libhello_jni.so:std::string:::17988208825801258123+890	CSEL            W7, W6, W4, NE  	X7=000000005B3AB7B8                     	
0000134F	libhello_jni.so:std::string:::17988208825801258123+894	B               loc_73A6951154  	                                        	
0000134F	libhello_jni.so:loc_73A6951154	CMP             W7, W22         	C=0                                     	
0000134F	libhello_jni.so:std::string:::17988208825801258123+5B4	B.GT            loc_73A6951198  	                                        	
0000134F	libhello_jni.so:loc_73A6951198	CMP             W7, W13         	C=1                                     	
0000134F	libhello_jni.so:std::string:::17988208825801258123+5F8	B.GT            loc_73A69511D8  	                                        	
0000134F	libhello_jni.so:loc_73A69511D8	CMP             W7, W0          	                                        	
0000134F	libhello_jni.so:std::string:::17988208825801258123+638	B.LE            loc_73A69512E4  	                                        	
0000134F	libhello_jni.so:std::string:::17988208825801258123+63C	CMP             W7, W21         	                                        	
0000134F	libhello_jni.so:std::string:::17988208825801258123+640	B.EQ            loc_73A695139C  	                                        	
0000134F	libhello_jni.so:std::string:::17988208825801258123+644	CMP             W7, W6          	Z=1                                     	
0000134F	libhello_jni.so:std::string:::17988208825801258123+648	B.EQ            loc_73A6951470  	                                        	
0000134F	libhello_jni.so:loc_73A6951470	LDURB           W2, [X29,#-0x64]	X2=0000000000000037                     	
0000134F	libhello_jni.so:std::string:::17988208825801258123+8D0	LDURB           W3, [X29,#-0x68]	X3=0000000000000008                     	
0000134F	libhello_jni.so:std::string:::17988208825801258123+8D4	LDUR            W7, [X29,#-0x6C]	X7=000000000000003D                     	
0000134F	libhello_jni.so:std::string:::17988208825801258123+8D8	LDUR            W30, [X29,#-0x6C]	X30=000000000000003D                    	
0000134F	libhello_jni.so:std::string:::17988208825801258123+8DC	LDUR            X8, [X29,#-0x78]	X8=0000000000000005                     	
0000134F	libhello_jni.so:std::string:::17988208825801258123+8E0	BIC             W1, W2, W3      	X1=0000000000000037                     	
0000134F	libhello_jni.so:std::string:::17988208825801258123+8E4	BIC             W3, W3, W2      	                                        	
0000134F	libhello_jni.so:std::string:::17988208825801258123+8E8	MOV             X9, X5          	X9=00000073A6FCF920                     	
0000134F	libhello_jni.so:std::string:::17988208825801258123+8EC	BIC             W5, W30, W2     	X5=0000000000000008                     	
0000134F	libhello_jni.so:std::string:::17988208825801258123+8F0	BIC             W2, W2, W30     	X2=0000000000000002                     	
0000134F	libhello_jni.so:std::string:::17988208825801258123+8F4	ORR             W1, W1, W3      	X1=000000000000003F                     	
0000134F	libhello_jni.so:std::string:::17988208825801258123+8F8	ORR             W2, W5, W2      	X2=000000000000000A                     	
0000134F	libhello_jni.so:std::string:::17988208825801258123+8FC	ADD             W1, W1, W7      	X1=000000000000007C                     	
0000134F	libhello_jni.so:std::string:::17988208825801258123+900	BIC             W3, W1, W2      	X3=0000000000000074                     	
0000134F	libhello_jni.so:std::string:::17988208825801258123+904	BIC             W1, W2, W1      	X1=0000000000000002                     	
0000134F	libhello_jni.so:std::string:::17988208825801258123+908	MOV             X5, X9          	X5=00000073A6FCF920                     	
0000134F	libhello_jni.so:std::string:::17988208825801258123+90C	ORR             W1, W3, W1      	X1=0000000000000076                     	
0000134F	libhello_jni.so:std::string:::17988208825801258123+910	STRB            W1, [X5,X8]     	                                        	
0000134F	libhello_jni.so:std::string:::17988208825801258123+914	LDUR            W8, [X29,#-0x5C]	                                        	
0000134F	libhello_jni.so:std::string:::17988208825801258123+918	LDR             W2, [X19]       	X2=0000000000000000                     	
0000134F	libhello_jni.so:std::string:::17988208825801258123+91C	MOV             W1, #0xBC18     	X1=000000000000BC18                     	
0000134F	libhello_jni.so:std::string:::17988208825801258123+920	MOVK            W1, #0x9609,LSL#16	X1=000000009609BC18                     	
0000134F	libhello_jni.so:std::string:::17988208825801258123+924	ADD             W8, W8, #1      	X8=0000000000000006                     	
0000134F	libhello_jni.so:std::string:::17988208825801258123+928	LDR             W3, [X20]       	X3=0000000000000000                     	
0000134F	libhello_jni.so:std::string:::17988208825801258123+92C	STUR            W8, [X29,#-0x60]	                                        	
0000134F	libhello_jni.so:std::string:::17988208825801258123+930	SUB             W8, W2, #1      	X8=00000000FFFFFFFF                     	
0000134F	libhello_jni.so:std::string:::17988208825801258123+934	ORN             W1, W1, W1      	X1=00000000FFFFFFFF                     	
0000134F	libhello_jni.so:std::string:::17988208825801258123+938	MADD            W8, W8, W2, WZR 	X8=0000000000000000                     	
0000134F	libhello_jni.so:std::string:::17988208825801258123+93C	AND             W8, W8, W1      	                                        	
0000134F	libhello_jni.so:std::string:::17988208825801258123+940	TST             W8, #1          	C=0                                     	
0000134F	libhello_jni.so:std::string:::17988208825801258123+944	CSET            W8, EQ          	X8=0000000000000001                     	
0000134F	libhello_jni.so:std::string:::17988208825801258123+948	CMP             W3, #0xA        	Z=0 N=1                                 	
0000134F	libhello_jni.so:std::string:::17988208825801258123+94C	CSET            W1, LT          	X1=0000000000000001                     	
0000134F	libhello_jni.so:std::string:::17988208825801258123+950	AND             W2, W1, W8      	X2=0000000000000001                     	
0000134F	libhello_jni.so:std::string:::17988208825801258123+954	EOR             W8, W1, W8      	X8=0000000000000000                     	
0000134F	libhello_jni.so:std::string:::17988208825801258123+958	ORR             W8, W2, W8      	X8=0000000000000001                     	
0000134F	libhello_jni.so:std::string:::17988208825801258123+95C	CMP             W8, #0          	C=1 N=0                                 	
0000134F	libhello_jni.so:std::string:::17988208825801258123+960	MOV             W8, #0x53F9     	X8=00000000000053F9                     	
0000134F	libhello_jni.so:std::string:::17988208825801258123+964	MOV             W9, #0x6A86     	X9=0000000000006A86                     	
0000134F	libhello_jni.so:std::string:::17988208825801258123+968	MOV             W1, #0x8ED3     	X1=0000000000008ED3                     	
0000134F	libhello_jni.so:std::string:::17988208825801258123+96C	MOVK            W8, #0x37B5,LSL#16	X8=0000000037B553F9                     	
0000134F	libhello_jni.so:std::string:::17988208825801258123+970	MOVK            W9, #0xF949,LSL#16	X9=00000000F9496A86                     	
0000134F	libhello_jni.so:std::string:::17988208825801258123+974	MOVK            W1, #0x2B5A,LSL#16	X1=000000002B5A8ED3                     	
0000134F	libhello_jni.so:std::string:::17988208825801258123+978	CSEL            W7, W8, W4, NE  	X7=0000000037B553F9                     	
0000134F	libhello_jni.so:std::string:::17988208825801258123+97C	B               loc_73A6951154  	                                        	
0000134F	libhello_jni.so:loc_73A6951154	CMP             W7, W22         	C=0                                     	
0000134F	libhello_jni.so:std::string:::17988208825801258123+5B4	B.GT            loc_73A6951198  	                                        	
0000134F	libhello_jni.so:loc_73A6951198	CMP             W7, W13         	N=1                                     	
0000134F	libhello_jni.so:std::string:::17988208825801258123+5F8	B.GT            loc_73A69511D8  	                                        	
0000134F	libhello_jni.so:std::string:::17988208825801258123+5FC	CMP             W7, W16         	C=1 N=0                                 	
0000134F	libhello_jni.so:std::string:::17988208825801258123+600	B.LE            loc_73A6951264  	                                        	
0000134F	libhello_jni.so:std::string:::17988208825801258123+604	CMP             W7, W11         	                                        	
0000134F	libhello_jni.so:std::string:::17988208825801258123+608	B.EQ            loc_73A695136C  	                                        	
0000134F	libhello_jni.so:std::string:::17988208825801258123+60C	CMP             W7, W1          	                                        	
0000134F	libhello_jni.so:std::string:::17988208825801258123+610	B.EQ            loc_73A6951448  	                                        	
0000134F	libhello_jni.so:std::string:::17988208825801258123+614	MOV             W8, #0x53F9     	X8=00000000000053F9                     	
0000134F	libhello_jni.so:std::string:::17988208825801258123+618	MOVK            W8, #0x37B5,LSL#16	X8=0000000037B553F9                     	
0000134F	libhello_jni.so:std::string:::17988208825801258123+61C	CMP             W7, W8          	Z=1                                     	
0000134F	libhello_jni.so:std::string:::17988208825801258123+620	B.NE            loc_73A6951154  	                                        	
0000134F	libhello_jni.so:std::string:::17988208825801258123+624	LDUR            W26, [X29,#-0x60]	X26=0000000000000006                    	
0000134F	libhello_jni.so:std::string:::17988208825801258123+628	MOV             W7, #0x8ED3     	X7=0000000000008ED3                     	
0000134F	libhello_jni.so:std::string:::17988208825801258123+62C	MOVK            W7, #0x2B5A,LSL#16	X7=000000002B5A8ED3                     	
0000134F	libhello_jni.so:std::string:::17988208825801258123+630	B               loc_73A6951154  	                                        	
0000134F	libhello_jni.so:loc_73A6951154	CMP             W7, W22         	C=0 Z=0                                 	
0000134F	libhello_jni.so:std::string:::17988208825801258123+5B4	B.GT            loc_73A6951198  	                                        	
0000134F	libhello_jni.so:loc_73A6951198	CMP             W7, W13         	N=1                                     	
0000134F	libhello_jni.so:std::string:::17988208825801258123+5F8	B.GT            loc_73A69511D8  	                                        	
0000134F	libhello_jni.so:std::string:::17988208825801258123+5FC	CMP             W7, W16         	C=1 N=0                                 	
0000134F	libhello_jni.so:std::string:::17988208825801258123+600	B.LE            loc_73A6951264  	                                        	
0000134F	libhello_jni.so:std::string:::17988208825801258123+604	CMP             W7, W11         	                                        	
0000134F	libhello_jni.so:std::string:::17988208825801258123+608	B.EQ            loc_73A695136C  	                                        	
0000134F	libhello_jni.so:std::string:::17988208825801258123+60C	CMP             W7, W1          	Z=1                                     	
0000134F	libhello_jni.so:std::string:::17988208825801258123+610	B.EQ            loc_73A6951448  	                                        	
0000134F	libhello_jni.so:loc_73A6951448	STUR            W26, [X29,#-0x5C]	                                        	
0000134F	libhello_jni.so:std::string:::17988208825801258123+8A8	LDURSW          X2, [X29,#-0x5C]	X2=0000000000000006                     	
0000134F	libhello_jni.so:std::string:::17988208825801258123+8AC	STUR            X2, [X29,#-0x78]	                                        	
0000134F	libhello_jni.so:std::string:::17988208825801258123+8B0	LDUR            X2, [X29,#-0x78]	                                        	
0000134F	libhello_jni.so:std::string:::17988208825801258123+8B4	LDUR            X8, [X29,#-0x98]	X8=0000000000000010                     	
0000134F	libhello_jni.so:std::string:::17988208825801258123+8B8	CMP             X2, X8          	C=0 Z=0 N=1                             	
0000134F	libhello_jni.so:std::string:::17988208825801258123+8BC	MOV             W8, #0x25D7     	X8=00000000000025D7                     	
0000134F	libhello_jni.so:std::string:::17988208825801258123+8C0	MOVK            W8, #0x4289,LSL#16	X8=00000000428925D7                     	
0000134F	libhello_jni.so:std::string:::17988208825801258123+8C4	CSEL            W7, W11, W8, CC 	X7=000000001C107584                     	
0000134F	libhello_jni.so:std::string:::17988208825801258123+8C8	B               loc_73A6951154  	                                        	
0000134F	libhello_jni.so:loc_73A6951154	CMP             W7, W22         	N=0                                     	
0000134F	libhello_jni.so:std::string:::17988208825801258123+5B4	B.GT            loc_73A6951198  	                                        	
0000134F	libhello_jni.so:loc_73A6951198	CMP             W7, W13         	N=1                                     	
0000134F	libhello_jni.so:std::string:::17988208825801258123+5F8	B.GT            loc_73A69511D8  	                                        	
0000134F	libhello_jni.so:std::string:::17988208825801258123+5FC	CMP             W7, W16         	C=1 N=0                                 	
0000134F	libhello_jni.so:std::string:::17988208825801258123+600	B.LE            loc_73A6951264  	                                        	
0000134F	libhello_jni.so:std::string:::17988208825801258123+604	CMP             W7, W11         	Z=1                                     	
0000134F	libhello_jni.so:std::string:::17988208825801258123+608	B.EQ            loc_73A695136C  	                                        	
0000134F	libhello_jni.so:loc_73A695136C	LDUR            W2, [X29,#-0x5C]	                                        	
0000134F	libhello_jni.so:std::string:::17988208825801258123+7CC	LDUR            X3, [X29,#-0x88]	X3=0000007FE7462420                     	
0000134F	libhello_jni.so:std::string:::17988208825801258123+7D0	MOV             W8, #0x87B1     	X8=00000000000087B1                     	
0000134F	libhello_jni.so:std::string:::17988208825801258123+7D4	MOVK            W8, #0x786F,LSL#16	X8=00000000786F87B1                     	
0000134F	libhello_jni.so:std::string:::17988208825801258123+7D8	ORN             W7, W8, W8      	X7=00000000FFFFFFFF                     	
0000134F	libhello_jni.so:std::string:::17988208825801258123+7DC	AND             W2, W2, #0xF    	                                        	
0000134F	libhello_jni.so:std::string:::17988208825801258123+7E0	AND             X2, X2, X7      	                                        	
0000134F	libhello_jni.so:std::string:::17988208825801258123+7E4	LDRB            W2, [X3,X2]     	X2=00000000000000CC                     	
0000134F	libhello_jni.so:std::string:::17988208825801258123+7E8	MOV             W7, #0xB514     	X7=000000000000B514                     	
0000134F	libhello_jni.so:std::string:::17988208825801258123+7EC	MOVK            W7, #0x1579,LSL#16	X7=000000001579B514                     	
0000134F	libhello_jni.so:std::string:::17988208825801258123+7F0	STURB           W2, [X29,#-0x70]	                                        	
0000134F	libhello_jni.so:std::string:::17988208825801258123+7F4	B               loc_73A6951154  	                                        	
0000134F	libhello_jni.so:loc_73A6951154	CMP             W7, W22         	C=0 Z=0                                 	
0000134F	libhello_jni.so:std::string:::17988208825801258123+5B4	B.GT            loc_73A6951198  	                                        	
0000134F	libhello_jni.so:loc_73A6951198	CMP             W7, W13         	N=1                                     	
0000134F	libhello_jni.so:std::string:::17988208825801258123+5F8	B.GT            loc_73A69511D8  	                                        	
0000134F	libhello_jni.so:std::string:::17988208825801258123+5FC	CMP             W7, W16         	                                        	
0000134F	libhello_jni.so:std::string:::17988208825801258123+600	B.LE            loc_73A6951264  	                                        	
0000134F	libhello_jni.so:loc_73A6951264	CMP             W7, W9          	N=0                                     	
0000134F	libhello_jni.so:std::string:::17988208825801258123+6C4	B.EQ            loc_73A69515B0  	                                        	
0000134F	libhello_jni.so:std::string:::17988208825801258123+6C8	MOV             W8, #0xB514     	X8=000000000000B514                     	
0000134F	libhello_jni.so:std::string:::17988208825801258123+6CC	MOVK            W8, #0x1579,LSL#16	X8=000000001579B514                     	
0000134F	libhello_jni.so:std::string:::17988208825801258123+6D0	CMP             W7, W8          	C=1 Z=1                                 	
0000134F	libhello_jni.so:std::string:::17988208825801258123+6D4	B.NE            loc_73A6951154  	                                        	
0000134F	libhello_jni.so:std::string:::17988208825801258123+6D8	LDUR            X2, [X29,#-0x78]	X2=0000000000000006                     	
0000134F	libhello_jni.so:std::string:::17988208825801258123+6DC	LDUR            X8, [X29,#-0xA0]	X8=00000074396C5200                     	
0000134F	libhello_jni.so:std::string:::17988208825801258123+6E0	MOV             W30, #0x25      	X30=0000000000000025                    	
0000134F	libhello_jni.so:std::string:::17988208825801258123+6E4	LDRB            W2, [X8,X2]     	X2=0000000000000036                     	
0000134F	libhello_jni.so:std::string:::17988208825801258123+6E8	LDURB           W3, [X29,#-0x70]	X3=00000000000000CC                     	
0000134F	libhello_jni.so:std::string:::17988208825801258123+6EC	MOV             W8, #0xDA       	X8=00000000000000DA                     	
0000134F	libhello_jni.so:std::string:::17988208825801258123+6F0	BIC             W7, W8, W2      	X7=00000000000000C8                     	
0000134F	libhello_jni.so:std::string:::17988208825801258123+6F4	STUR            W3, [X29,#-0x6C]	                                        	
0000134F	libhello_jni.so:std::string:::17988208825801258123+6F8	LDUR            W3, [X29,#-0x6C]	                                        	
0000134F	libhello_jni.so:std::string:::17988208825801258123+6FC	AND             W2, W2, W30     	X2=0000000000000024                     	
0000134F	libhello_jni.so:std::string:::17988208825801258123+700	ORR             W2, W7, W2      	X2=00000000000000EC                     	
0000134F	libhello_jni.so:std::string:::17988208825801258123+704	BIC             W7, W8, W3      	X7=0000000000000012                     	
0000134F	libhello_jni.so:std::string:::17988208825801258123+708	AND             W3, W3, W30     	X3=0000000000000004                     	
0000134F	libhello_jni.so:std::string:::17988208825801258123+70C	ORR             W3, W7, W3      	X3=0000000000000016                     	
0000134F	libhello_jni.so:std::string:::17988208825801258123+710	EOR             W2, W2, W3      	X2=00000000000000FA                     	
0000134F	libhello_jni.so:std::string:::17988208825801258123+714	STURB           W2, [X29,#-0x68]	                                        	
0000134F	libhello_jni.so:std::string:::17988208825801258123+718	LDUR            W2, [X29,#-0x5C]	X2=0000000000000006                     	
0000134F	libhello_jni.so:std::string:::17988208825801258123+71C	ADRP            X8, #a9d9107e02f0f07@PAGE; \"9d9107e02f0f07984956767ab1ac87e5\"	X8=00000073A697B000                     	
0000134F	libhello_jni.so:std::string:::17988208825801258123+720	ADD             X8, X8, #a9d9107e02f0f07@PAGEOFF; \"9d9107e02f0f07984956767ab1ac87e5\"	X8=00000073A697B1A0                     	
0000134F	libhello_jni.so:std::string:::17988208825801258123+724	MOV             W7, #0x4E09     	X7=0000000000004E09                     	
0000134F	libhello_jni.so:std::string:::17988208825801258123+728	EOR             W3, W2, #0xFFFFFFF8	X3=00000000FFFFFFFE                     	
0000134F	libhello_jni.so:std::string:::17988208825801258123+72C	AND             X2, X3, X2      	                                        	
0000134F	libhello_jni.so:std::string:::17988208825801258123+730	LDRB            W2, [X8,X2]     	X2=0000000000000065                     	
0000134F	libhello_jni.so:std::string:::17988208825801258123+734	MOVK            W7, #0x980E,LSL#16	X7=00000000980E4E09                     	
0000134F	libhello_jni.so:std::string:::17988208825801258123+738	STURB           W2, [X29,#-0x64]	                                        	
0000134F	libhello_jni.so:std::string:::17988208825801258123+73C	B               loc_73A6951154  	                                        	
0000134F	libhello_jni.so:loc_73A6951154	CMP             W7, W22         	C=0 Z=0 N=1                             	
0000134F	libhello_jni.so:std::string:::17988208825801258123+5B4	B.GT            loc_73A6951198  	                                        	
0000134F	libhello_jni.so:std::string:::17988208825801258123+5B8	CMP             W7, W23         	                                        	
0000134F	libhello_jni.so:std::string:::17988208825801258123+5BC	B.LE            loc_73A695120C  	                                        	
0000134F	libhello_jni.so:loc_73A695120C	CMP             W7, W24         	C=1 N=0                                 	
0000134F	libhello_jni.so:std::string:::17988208825801258123+66C	B.LE            loc_73A6951350  	                                        	
0000134F	libhello_jni.so:std::string:::17988208825801258123+670	CMP             W7, W25         	Z=1                                     	
0000134F	libhello_jni.so:std::string:::17988208825801258123+674	B.EQ            loc_73A69513F4  	                                        	
0000134F	libhello_jni.so:loc_73A69513F4	LDR             W2, [X20]       	X2=0000000000000000                     	
0000134F	libhello_jni.so:std::string:::17988208825801258123+854	LDR             W3, [X19]       	X3=0000000000000000                     	
0000134F	libhello_jni.so:std::string:::17988208825801258123+858	MOV             W8, #0xF041     	X8=000000000000F041                     	
0000134F	libhello_jni.so:std::string:::17988208825801258123+85C	MOVK            W8, #0xD335,LSL#16	X8=00000000D335F041                     	
0000134F	libhello_jni.so:std::string:::17988208825801258123+860	CMP             W2, #9          	C=0 Z=0 N=1                             	
0000134F	libhello_jni.so:std::string:::17988208825801258123+864	SUB             W2, W3, #1      	X2=00000000FFFFFFFF                     	
0000134F	libhello_jni.so:std::string:::17988208825801258123+868	ORN             W7, W8, W8      	X7=00000000FFFFFFFF                     	
0000134F	libhello_jni.so:std::string:::17988208825801258123+86C	MADD            W2, W2, W3, WZR 	X2=0000000000000000                     	
0000134F	libhello_jni.so:std::string:::17988208825801258123+870	AND             W2, W2, W7      	                                        	
0000134F	libhello_jni.so:std::string:::17988208825801258123+874	CSET            W3, GT          	                                        	
0000134F	libhello_jni.so:std::string:::17988208825801258123+878	AND             W2, W2, #1      	                                        	
0000134F	libhello_jni.so:std::string:::17988208825801258123+87C	EOR             W7, W3, W2      	X7=0000000000000000                     	
0000134F	libhello_jni.so:std::string:::17988208825801258123+880	ORR             W2, W3, W2      	                                        	
0000134F	libhello_jni.so:std::string:::17988208825801258123+884	EOR             W2, W2, #1      	X2=0000000000000001                     	
0000134F	libhello_jni.so:std::string:::17988208825801258123+888	ORR             W2, W7, W2      	                                        	
0000134F	libhello_jni.so:std::string:::17988208825801258123+88C	CMP             W2, #0          	C=1 N=0                                 	
0000134F	libhello_jni.so:std::string:::17988208825801258123+890	CSEL            W7, W6, W4, NE  	X7=000000005B3AB7B8                     	
0000134F	libhello_jni.so:std::string:::17988208825801258123+894	B               loc_73A6951154  	                                        	
0000134F	libhello_jni.so:loc_73A6951154	CMP             W7, W22         	C=0                                     	
0000134F	libhello_jni.so:std::string:::17988208825801258123+5B4	B.GT            loc_73A6951198  	                                        	
0000134F	libhello_jni.so:loc_73A6951198	CMP             W7, W13         	C=1                                     	
0000134F	libhello_jni.so:std::string:::17988208825801258123+5F8	B.GT            loc_73A69511D8  	                                        	
0000134F	libhello_jni.so:loc_73A69511D8	CMP             W7, W0          	                                        	
0000134F	libhello_jni.so:std::string:::17988208825801258123+638	B.LE            loc_73A69512E4  	                                        	
0000134F	libhello_jni.so:std::string:::17988208825801258123+63C	CMP             W7, W21         	                                        	
0000134F	libhello_jni.so:std::string:::17988208825801258123+640	B.EQ            loc_73A695139C  	                                        	
0000134F	libhello_jni.so:std::string:::17988208825801258123+644	CMP             W7, W6          	Z=1                                     	
0000134F	libhello_jni.so:std::string:::17988208825801258123+648	B.EQ            loc_73A6951470  	                                        	
0000134F	libhello_jni.so:loc_73A6951470	LDURB           W2, [X29,#-0x64]	X2=0000000000000065                     	
0000134F	libhello_jni.so:std::string:::17988208825801258123+8D0	LDURB           W3, [X29,#-0x68]	X3=00000000000000FA                     	
0000134F	libhello_jni.so:std::string:::17988208825801258123+8D4	LDUR            W7, [X29,#-0x6C]	X7=00000000000000CC                     	
0000134F	libhello_jni.so:std::string:::17988208825801258123+8D8	LDUR            W30, [X29,#-0x6C]	X30=00000000000000CC                    	
0000134F	libhello_jni.so:std::string:::17988208825801258123+8DC	LDUR            X8, [X29,#-0x78]	X8=0000000000000006                     	
0000134F	libhello_jni.so:std::string:::17988208825801258123+8E0	BIC             W1, W2, W3      	X1=0000000000000005                     	
0000134F	libhello_jni.so:std::string:::17988208825801258123+8E4	BIC             W3, W3, W2      	X3=000000000000009A                     	
0000134F	libhello_jni.so:std::string:::17988208825801258123+8E8	MOV             X9, X5          	X9=00000073A6FCF920                     	
0000134F	libhello_jni.so:std::string:::17988208825801258123+8EC	BIC             W5, W30, W2     	X5=0000000000000088                     	
0000134F	libhello_jni.so:std::string:::17988208825801258123+8F0	BIC             W2, W2, W30     	X2=0000000000000021                     	
0000134F	libhello_jni.so:std::string:::17988208825801258123+8F4	ORR             W1, W1, W3      	X1=000000000000009F                     	
0000134F	libhello_jni.so:std::string:::17988208825801258123+8F8	ORR             W2, W5, W2      	X2=00000000000000A9                     	
0000134F	libhello_jni.so:std::string:::17988208825801258123+8FC	ADD             W1, W1, W7      	X1=000000000000016B                     	
0000134F	libhello_jni.so:std::string:::17988208825801258123+900	BIC             W3, W1, W2      	X3=0000000000000142                     	
0000134F	libhello_jni.so:std::string:::17988208825801258123+904	BIC             W1, W2, W1      	X1=0000000000000080                     	
0000134F	libhello_jni.so:std::string:::17988208825801258123+908	MOV             X5, X9          	X5=00000073A6FCF920                     	
0000134F	libhello_jni.so:std::string:::17988208825801258123+90C	ORR             W1, W3, W1      	X1=00000000000001C2                     	
0000134F	libhello_jni.so:std::string:::17988208825801258123+910	STRB            W1, [X5,X8]     	                                        	
0000134F	libhello_jni.so:std::string:::17988208825801258123+914	LDUR            W8, [X29,#-0x5C]	                                        	
0000134F	libhello_jni.so:std::string:::17988208825801258123+918	LDR             W2, [X19]       	X2=0000000000000000                     	
0000134F	libhello_jni.so:std::string:::17988208825801258123+91C	MOV             W1, #0xBC18     	X1=000000000000BC18                     	
0000134F	libhello_jni.so:std::string:::17988208825801258123+920	MOVK            W1, #0x9609,LSL#16	X1=000000009609BC18                     	
0000134F	libhello_jni.so:std::string:::17988208825801258123+924	ADD             W8, W8, #1      	X8=0000000000000007                     	
0000134F	libhello_jni.so:std::string:::17988208825801258123+928	LDR             W3, [X20]       	X3=0000000000000000                     	
0000134F	libhello_jni.so:std::string:::17988208825801258123+92C	STUR            W8, [X29,#-0x60]	                                        	
0000134F	libhello_jni.so:std::string:::17988208825801258123+930	SUB             W8, W2, #1      	X8=00000000FFFFFFFF                     	
0000134F	libhello_jni.so:std::string:::17988208825801258123+934	ORN             W1, W1, W1      	X1=00000000FFFFFFFF                     	
0000134F	libhello_jni.so:std::string:::17988208825801258123+938	MADD            W8, W8, W2, WZR 	X8=0000000000000000                     	
0000134F	libhello_jni.so:std::string:::17988208825801258123+93C	AND             W8, W8, W1      	                                        	
0000134F	libhello_jni.so:std::string:::17988208825801258123+940	TST             W8, #1          	C=0                                     	
0000134F	libhello_jni.so:std::string:::17988208825801258123+944	CSET            W8, EQ          	X8=0000000000000001                     	
0000134F	libhello_jni.so:std::string:::17988208825801258123+948	CMP             W3, #0xA        	Z=0 N=1                                 	
0000134F	libhello_jni.so:std::string:::17988208825801258123+94C	CSET            W1, LT          	X1=0000000000000001                     	
0000134F	libhello_jni.so:std::string:::17988208825801258123+950	AND             W2, W1, W8      	X2=0000000000000001                     	
0000134F	libhello_jni.so:std::string:::17988208825801258123+954	EOR             W8, W1, W8      	X8=0000000000000000                     	
0000134F	libhello_jni.so:std::string:::17988208825801258123+958	ORR             W8, W2, W8      	X8=0000000000000001                     	
0000134F	libhello_jni.so:std::string:::17988208825801258123+95C	CMP             W8, #0          	C=1 N=0                                 	
0000134F	libhello_jni.so:std::string:::17988208825801258123+960	MOV             W8, #0x53F9     	X8=00000000000053F9                     	
0000134F	libhello_jni.so:std::string:::17988208825801258123+964	MOV             W9, #0x6A86     	X9=0000000000006A86                     	
0000134F	libhello_jni.so:std::string:::17988208825801258123+968	MOV             W1, #0x8ED3     	X1=0000000000008ED3                     	
0000134F	libhello_jni.so:std::string:::17988208825801258123+96C	MOVK            W8, #0x37B5,LSL#16	X8=0000000037B553F9                     	
0000134F	libhello_jni.so:std::string:::17988208825801258123+970	MOVK            W9, #0xF949,LSL#16	X9=00000000F9496A86                     	
0000134F	libhello_jni.so:std::string:::17988208825801258123+974	MOVK            W1, #0x2B5A,LSL#16	X1=000000002B5A8ED3                     	
0000134F	libhello_jni.so:std::string:::17988208825801258123+978	CSEL            W7, W8, W4, NE  	X7=0000000037B553F9                     	
0000134F	libhello_jni.so:std::string:::17988208825801258123+97C	B               loc_73A6951154  	                                        	
0000134F	libhello_jni.so:loc_73A6951154	CMP             W7, W22         	C=0                                     	
0000134F	libhello_jni.so:std::string:::17988208825801258123+5B4	B.GT            loc_73A6951198  	                                        	
0000134F	libhello_jni.so:loc_73A6951198	CMP             W7, W13         	N=1                                     	
0000134F	libhello_jni.so:std::string:::17988208825801258123+5F8	B.GT            loc_73A69511D8  	                                        	
0000134F	libhello_jni.so:std::string:::17988208825801258123+5FC	CMP             W7, W16         	C=1 N=0                                 	
0000134F	libhello_jni.so:std::string:::17988208825801258123+600	B.LE            loc_73A6951264  	                                        	
0000134F	libhello_jni.so:std::string:::17988208825801258123+604	CMP             W7, W11         	                                        	
0000134F	libhello_jni.so:std::string:::17988208825801258123+608	B.EQ            loc_73A695136C  	                                        	
0000134F	libhello_jni.so:std::string:::17988208825801258123+60C	CMP             W7, W1          	                                        	
0000134F	libhello_jni.so:std::string:::17988208825801258123+610	B.EQ            loc_73A6951448  	                                        	
0000134F	libhello_jni.so:std::string:::17988208825801258123+614	MOV             W8, #0x53F9     	X8=00000000000053F9                     	
0000134F	libhello_jni.so:std::string:::17988208825801258123+618	MOVK            W8, #0x37B5,LSL#16	X8=0000000037B553F9                     	
0000134F	libhello_jni.so:std::string:::17988208825801258123+61C	CMP             W7, W8          	Z=1                                     	
0000134F	libhello_jni.so:std::string:::17988208825801258123+620	B.NE            loc_73A6951154  	                                        	
0000134F	libhello_jni.so:std::string:::17988208825801258123+624	LDUR            W26, [X29,#-0x60]	X26=0000000000000007                    	
0000134F	libhello_jni.so:std::string:::17988208825801258123+628	MOV             W7, #0x8ED3     	X7=0000000000008ED3                     	
0000134F	libhello_jni.so:std::string:::17988208825801258123+62C	MOVK            W7, #0x2B5A,LSL#16	X7=000000002B5A8ED3                     	
0000134F	libhello_jni.so:std::string:::17988208825801258123+630	B               loc_73A6951154  	                                        	
0000134F	libhello_jni.so:loc_73A6951154	CMP             W7, W22         	C=0 Z=0                                 	
0000134F	libhello_jni.so:std::string:::17988208825801258123+5B4	B.GT            loc_73A6951198  	                                        	
0000134F	libhello_jni.so:loc_73A6951198	CMP             W7, W13         	N=1                                     	
0000134F	libhello_jni.so:std::string:::17988208825801258123+5F8	B.GT            loc_73A69511D8  	                                        	
0000134F	libhello_jni.so:std::string:::17988208825801258123+5FC	CMP             W7, W16         	C=1 N=0                                 	
0000134F	libhello_jni.so:std::string:::17988208825801258123+600	B.LE            loc_73A6951264  	                                        	
0000134F	libhello_jni.so:std::string:::17988208825801258123+604	CMP             W7, W11         	                                        	
0000134F	libhello_jni.so:std::string:::17988208825801258123+608	B.EQ            loc_73A695136C  	                                        	
0000134F	libhello_jni.so:std::string:::17988208825801258123+60C	CMP             W7, W1          	Z=1                                     	
0000134F	libhello_jni.so:std::string:::17988208825801258123+610	B.EQ            loc_73A6951448  	                                        	
0000134F	libhello_jni.so:loc_73A6951448	STUR            W26, [X29,#-0x5C]	                                        	
0000134F	libhello_jni.so:std::string:::17988208825801258123+8A8	LDURSW          X2, [X29,#-0x5C]	X2=0000000000000007                     	
0000134F	libhello_jni.so:std::string:::17988208825801258123+8AC	STUR            X2, [X29,#-0x78]	                                        	
0000134F	libhello_jni.so:std::string:::17988208825801258123+8B0	LDUR            X2, [X29,#-0x78]	                                        	
0000134F	libhello_jni.so:std::string:::17988208825801258123+8B4	LDUR            X8, [X29,#-0x98]	X8=0000000000000010                     	
0000134F	libhello_jni.so:std::string:::17988208825801258123+8B8	CMP             X2, X8          	C=0 Z=0 N=1                             	
0000134F	libhello_jni.so:std::string:::17988208825801258123+8BC	MOV             W8, #0x25D7     	X8=00000000000025D7                     	
0000134F	libhello_jni.so:std::string:::17988208825801258123+8C0	MOVK            W8, #0x4289,LSL#16	X8=00000000428925D7                     	
0000134F	libhello_jni.so:std::string:::17988208825801258123+8C4	CSEL            W7, W11, W8, CC 	X7=000000001C107584                     	
0000134F	libhello_jni.so:std::string:::17988208825801258123+8C8	B               loc_73A6951154  	                                        	
0000134F	libhello_jni.so:loc_73A6951154	CMP             W7, W22         	N=0                                     	
0000134F	libhello_jni.so:std::string:::17988208825801258123+5B4	B.GT            loc_73A6951198  	                                        	
0000134F	libhello_jni.so:loc_73A6951198	CMP             W7, W13         	N=1                                     	
0000134F	libhello_jni.so:std::string:::17988208825801258123+5F8	B.GT            loc_73A69511D8  	                                        	
0000134F	libhello_jni.so:std::string:::17988208825801258123+5FC	CMP             W7, W16         	C=1 N=0                                 	
0000134F	libhello_jni.so:std::string:::17988208825801258123+600	B.LE            loc_73A6951264  	                                        	
0000134F	libhello_jni.so:std::string:::17988208825801258123+604	CMP             W7, W11         	Z=1                                     	
0000134F	libhello_jni.so:std::string:::17988208825801258123+608	B.EQ            loc_73A695136C  	                                        	
0000134F	libhello_jni.so:loc_73A695136C	LDUR            W2, [X29,#-0x5C]	                                        	
0000134F	libhello_jni.so:std::string:::17988208825801258123+7CC	LDUR            X3, [X29,#-0x88]	X3=0000007FE7462420                     	
0000134F	libhello_jni.so:std::string:::17988208825801258123+7D0	MOV             W8, #0x87B1     	X8=00000000000087B1                     	
0000134F	libhello_jni.so:std::string:::17988208825801258123+7D4	MOVK            W8, #0x786F,LSL#16	X8=00000000786F87B1                     	
0000134F	libhello_jni.so:std::string:::17988208825801258123+7D8	ORN             W7, W8, W8      	X7=00000000FFFFFFFF                     	
0000134F	libhello_jni.so:std::string:::17988208825801258123+7DC	AND             W2, W2, #0xF    	                                        	
0000134F	libhello_jni.so:std::string:::17988208825801258123+7E0	AND             X2, X2, X7      	                                        	
0000134F	libhello_jni.so:std::string:::17988208825801258123+7E4	LDRB            W2, [X3,X2]     	X2=000000000000007F                     	
0000134F	libhello_jni.so:std::string:::17988208825801258123+7E8	MOV             W7, #0xB514     	X7=000000000000B514                     	
0000134F	libhello_jni.so:std::string:::17988208825801258123+7EC	MOVK            W7, #0x1579,LSL#16	X7=000000001579B514                     	
0000134F	libhello_jni.so:std::string:::17988208825801258123+7F0	STURB           W2, [X29,#-0x70]	                                        	
0000134F	libhello_jni.so:std::string:::17988208825801258123+7F4	B               loc_73A6951154  	                                        	
0000134F	libhello_jni.so:loc_73A6951154	CMP             W7, W22         	C=0 Z=0                                 	
0000134F	libhello_jni.so:std::string:::17988208825801258123+5B4	B.GT            loc_73A6951198  	                                        	
0000134F	libhello_jni.so:loc_73A6951198	CMP             W7, W13         	N=1                                     	
0000134F	libhello_jni.so:std::string:::17988208825801258123+5F8	B.GT            loc_73A69511D8  	                                        	
0000134F	libhello_jni.so:std::string:::17988208825801258123+5FC	CMP             W7, W16         	                                        	
0000134F	libhello_jni.so:std::string:::17988208825801258123+600	B.LE            loc_73A6951264  	                                        	
0000134F	libhello_jni.so:loc_73A6951264	CMP             W7, W9          	N=0                                     	
0000134F	libhello_jni.so:std::string:::17988208825801258123+6C4	B.EQ            loc_73A69515B0  	                                        	
0000134F	libhello_jni.so:std::string:::17988208825801258123+6C8	MOV             W8, #0xB514     	X8=000000000000B514                     	
0000134F	libhello_jni.so:std::string:::17988208825801258123+6CC	MOVK            W8, #0x1579,LSL#16	X8=000000001579B514                     	
0000134F	libhello_jni.so:std::string:::17988208825801258123+6D0	CMP             W7, W8          	C=1 Z=1                                 	
0000134F	libhello_jni.so:std::string:::17988208825801258123+6D4	B.NE            loc_73A6951154  	                                        	
0000134F	libhello_jni.so:std::string:::17988208825801258123+6D8	LDUR            X2, [X29,#-0x78]	X2=0000000000000007                     	
0000134F	libhello_jni.so:std::string:::17988208825801258123+6DC	LDUR            X8, [X29,#-0xA0]	X8=00000074396C5200                     	
0000134F	libhello_jni.so:std::string:::17988208825801258123+6E0	MOV             W30, #0x25      	X30=0000000000000025                    	
0000134F	libhello_jni.so:std::string:::17988208825801258123+6E4	LDRB            W2, [X8,X2]     	X2=0000000000000037                     	
0000134F	libhello_jni.so:std::string:::17988208825801258123+6E8	LDURB           W3, [X29,#-0x70]	X3=000000000000007F                     	
0000134F	libhello_jni.so:std::string:::17988208825801258123+6EC	MOV             W8, #0xDA       	X8=00000000000000DA                     	
0000134F	libhello_jni.so:std::string:::17988208825801258123+6F0	BIC             W7, W8, W2      	X7=00000000000000C8                     	
0000134F	libhello_jni.so:std::string:::17988208825801258123+6F4	STUR            W3, [X29,#-0x6C]	                                        	
0000134F	libhello_jni.so:std::string:::17988208825801258123+6F8	LDUR            W3, [X29,#-0x6C]	                                        	
0000134F	libhello_jni.so:std::string:::17988208825801258123+6FC	AND             W2, W2, W30     	X2=0000000000000025                     	
0000134F	libhello_jni.so:std::string:::17988208825801258123+700	ORR             W2, W7, W2      	X2=00000000000000ED                     	
0000134F	libhello_jni.so:std::string:::17988208825801258123+704	BIC             W7, W8, W3      	X7=0000000000000080                     	
0000134F	libhello_jni.so:std::string:::17988208825801258123+708	AND             W3, W3, W30     	X3=0000000000000025                     	
0000134F	libhello_jni.so:std::string:::17988208825801258123+70C	ORR             W3, W7, W3      	X3=00000000000000A5                     	
0000134F	libhello_jni.so:std::string:::17988208825801258123+710	EOR             W2, W2, W3      	X2=0000000000000048                     	
0000134F	libhello_jni.so:std::string:::17988208825801258123+714	STURB           W2, [X29,#-0x68]	                                        	
0000134F	libhello_jni.so:std::string:::17988208825801258123+718	LDUR            W2, [X29,#-0x5C]	X2=0000000000000007                     	
0000134F	libhello_jni.so:std::string:::17988208825801258123+71C	ADRP            X8, #a9d9107e02f0f07@PAGE; \"9d9107e02f0f07984956767ab1ac87e5\"	X8=00000073A697B000                     	
0000134F	libhello_jni.so:std::string:::17988208825801258123+720	ADD             X8, X8, #a9d9107e02f0f07@PAGEOFF; \"9d9107e02f0f07984956767ab1ac87e5\"	X8=00000073A697B1A0                     	
0000134F	libhello_jni.so:std::string:::17988208825801258123+724	MOV             W7, #0x4E09     	X7=0000000000004E09                     	
0000134F	libhello_jni.so:std::string:::17988208825801258123+728	EOR             W3, W2, #0xFFFFFFF8	X3=00000000FFFFFFFF                     	
0000134F	libhello_jni.so:std::string:::17988208825801258123+72C	AND             X2, X3, X2      	                                        	
0000134F	libhello_jni.so:std::string:::17988208825801258123+730	LDRB            W2, [X8,X2]     	X2=0000000000000030                     	
0000134F	libhello_jni.so:std::string:::17988208825801258123+734	MOVK            W7, #0x980E,LSL#16	X7=00000000980E4E09                     	
0000134F	libhello_jni.so:std::string:::17988208825801258123+738	STURB           W2, [X29,#-0x64]	                                        	
0000134F	libhello_jni.so:std::string:::17988208825801258123+73C	B               loc_73A6951154  	                                        	
0000134F	libhello_jni.so:loc_73A6951154	CMP             W7, W22         	C=0 Z=0 N=1                             	
0000134F	libhello_jni.so:std::string:::17988208825801258123+5B4	B.GT            loc_73A6951198  	                                        	
0000134F	libhello_jni.so:std::string:::17988208825801258123+5B8	CMP             W7, W23         	                                        	
0000134F	libhello_jni.so:std::string:::17988208825801258123+5BC	B.LE            loc_73A695120C  	                                        	
0000134F	libhello_jni.so:loc_73A695120C	CMP             W7, W24         	C=1 N=0                                 	
0000134F	libhello_jni.so:std::string:::17988208825801258123+66C	B.LE            loc_73A6951350  	                                        	
0000134F	libhello_jni.so:std::string:::17988208825801258123+670	CMP             W7, W25         	Z=1                                     	
0000134F	libhello_jni.so:std::string:::17988208825801258123+674	B.EQ            loc_73A69513F4  	                                        	
0000134F	libhello_jni.so:loc_73A69513F4	LDR             W2, [X20]       	X2=0000000000000000                     	
0000134F	libhello_jni.so:std::string:::17988208825801258123+854	LDR             W3, [X19]       	X3=0000000000000000                     	
0000134F	libhello_jni.so:std::string:::17988208825801258123+858	MOV             W8, #0xF041     	X8=000000000000F041                     	
0000134F	libhello_jni.so:std::string:::17988208825801258123+85C	MOVK            W8, #0xD335,LSL#16	X8=00000000D335F041                     	
0000134F	libhello_jni.so:std::string:::17988208825801258123+860	CMP             W2, #9          	C=0 Z=0 N=1                             	
0000134F	libhello_jni.so:std::string:::17988208825801258123+864	SUB             W2, W3, #1      	X2=00000000FFFFFFFF                     	
0000134F	libhello_jni.so:std::string:::17988208825801258123+868	ORN             W7, W8, W8      	X7=00000000FFFFFFFF                     	
0000134F	libhello_jni.so:std::string:::17988208825801258123+86C	MADD            W2, W2, W3, WZR 	X2=0000000000000000                     	
0000134F	libhello_jni.so:std::string:::17988208825801258123+870	AND             W2, W2, W7      	                                        	
0000134F	libhello_jni.so:std::string:::17988208825801258123+874	CSET            W3, GT          	                                        	
0000134F	libhello_jni.so:std::string:::17988208825801258123+878	AND             W2, W2, #1      	                                        	
0000134F	libhello_jni.so:std::string:::17988208825801258123+87C	EOR             W7, W3, W2      	X7=0000000000000000                     	
0000134F	libhello_jni.so:std::string:::17988208825801258123+880	ORR             W2, W3, W2      	                                        	
0000134F	libhello_jni.so:std::string:::17988208825801258123+884	EOR             W2, W2, #1      	X2=0000000000000001                     	
0000134F	libhello_jni.so:std::string:::17988208825801258123+888	ORR             W2, W7, W2      	                                        	
0000134F	libhello_jni.so:std::string:::17988208825801258123+88C	CMP             W2, #0          	C=1 N=0                                 	
0000134F	libhello_jni.so:std::string:::17988208825801258123+890	CSEL            W7, W6, W4, NE  	X7=000000005B3AB7B8                     	
0000134F	libhello_jni.so:std::string:::17988208825801258123+894	B               loc_73A6951154  	                                        	
0000134F	libhello_jni.so:loc_73A6951154	CMP             W7, W22         	C=0                                     	
0000134F	libhello_jni.so:std::string:::17988208825801258123+5B4	B.GT            loc_73A6951198  	                                        	
0000134F	libhello_jni.so:loc_73A6951198	CMP             W7, W13         	C=1                                     	
0000134F	libhello_jni.so:std::string:::17988208825801258123+5F8	B.GT            loc_73A69511D8  	                                        	
0000134F	libhello_jni.so:loc_73A69511D8	CMP             W7, W0          	                                        	
0000134F	libhello_jni.so:std::string:::17988208825801258123+638	B.LE            loc_73A69512E4  	                                        	
0000134F	libhello_jni.so:std::string:::17988208825801258123+63C	CMP             W7, W21         	                                        	
0000134F	libhello_jni.so:std::string:::17988208825801258123+640	B.EQ            loc_73A695139C  	                                        	
0000134F	libhello_jni.so:std::string:::17988208825801258123+644	CMP             W7, W6          	Z=1                                     	
0000134F	libhello_jni.so:std::string:::17988208825801258123+648	B.EQ            loc_73A6951470  	                                        	
0000134F	libhello_jni.so:loc_73A6951470	LDURB           W2, [X29,#-0x64]	X2=0000000000000030                     	
0000134F	libhello_jni.so:std::string:::17988208825801258123+8D0	LDURB           W3, [X29,#-0x68]	X3=0000000000000048                     	
0000134F	libhello_jni.so:std::string:::17988208825801258123+8D4	LDUR            W7, [X29,#-0x6C]	X7=000000000000007F                     	
0000134F	libhello_jni.so:std::string:::17988208825801258123+8D8	LDUR            W30, [X29,#-0x6C]	X30=000000000000007F                    	
0000134F	libhello_jni.so:std::string:::17988208825801258123+8DC	LDUR            X8, [X29,#-0x78]	X8=0000000000000007                     	
0000134F	libhello_jni.so:std::string:::17988208825801258123+8E0	BIC             W1, W2, W3      	X1=0000000000000030                     	
0000134F	libhello_jni.so:std::string:::17988208825801258123+8E4	BIC             W3, W3, W2      	                                        	
0000134F	libhello_jni.so:std::string:::17988208825801258123+8E8	MOV             X9, X5          	X9=00000073A6FCF920                     	
0000134F	libhello_jni.so:std::string:::17988208825801258123+8EC	BIC             W5, W30, W2     	X5=000000000000004F                     	
0000134F	libhello_jni.so:std::string:::17988208825801258123+8F0	BIC             W2, W2, W30     	X2=0000000000000000                     	
0000134F	libhello_jni.so:std::string:::17988208825801258123+8F4	ORR             W1, W1, W3      	X1=0000000000000078                     	
0000134F	libhello_jni.so:std::string:::17988208825801258123+8F8	ORR             W2, W5, W2      	X2=000000000000004F                     	
0000134F	libhello_jni.so:std::string:::17988208825801258123+8FC	ADD             W1, W1, W7      	X1=00000000000000F7                     	
0000134F	libhello_jni.so:std::string:::17988208825801258123+900	BIC             W3, W1, W2      	X3=00000000000000B0                     	
0000134F	libhello_jni.so:std::string:::17988208825801258123+904	BIC             W1, W2, W1      	X1=0000000000000008                     	
0000134F	libhello_jni.so:std::string:::17988208825801258123+908	MOV             X5, X9          	X5=00000073A6FCF920                     	
0000134F	libhello_jni.so:std::string:::17988208825801258123+90C	ORR             W1, W3, W1      	X1=00000000000000B8                     	
0000134F	libhello_jni.so:std::string:::17988208825801258123+910	STRB            W1, [X5,X8]     	                                        	
0000134F	libhello_jni.so:std::string:::17988208825801258123+914	LDUR            W8, [X29,#-0x5C]	                                        	
0000134F	libhello_jni.so:std::string:::17988208825801258123+918	LDR             W2, [X19]       	X2=0000000000000000                     	
0000134F	libhello_jni.so:std::string:::17988208825801258123+91C	MOV             W1, #0xBC18     	X1=000000000000BC18                     	
0000134F	libhello_jni.so:std::string:::17988208825801258123+920	MOVK            W1, #0x9609,LSL#16	X1=000000009609BC18                     	
0000134F	libhello_jni.so:std::string:::17988208825801258123+924	ADD             W8, W8, #1      	X8=0000000000000008                     	
0000134F	libhello_jni.so:std::string:::17988208825801258123+928	LDR             W3, [X20]       	X3=0000000000000000                     	
0000134F	libhello_jni.so:std::string:::17988208825801258123+92C	STUR            W8, [X29,#-0x60]	                                        	
0000134F	libhello_jni.so:std::string:::17988208825801258123+930	SUB             W8, W2, #1      	X8=00000000FFFFFFFF                     	
0000134F	libhello_jni.so:std::string:::17988208825801258123+934	ORN             W1, W1, W1      	X1=00000000FFFFFFFF                     	
0000134F	libhello_jni.so:std::string:::17988208825801258123+938	MADD            W8, W8, W2, WZR 	X8=0000000000000000                     	
0000134F	libhello_jni.so:std::string:::17988208825801258123+93C	AND             W8, W8, W1      	                                        	
0000134F	libhello_jni.so:std::string:::17988208825801258123+940	TST             W8, #1          	C=0                                     	
0000134F	libhello_jni.so:std::string:::17988208825801258123+944	CSET            W8, EQ          	X8=0000000000000001                     	
0000134F	libhello_jni.so:std::string:::17988208825801258123+948	CMP             W3, #0xA        	Z=0 N=1                                 	
0000134F	libhello_jni.so:std::string:::17988208825801258123+94C	CSET            W1, LT          	X1=0000000000000001                     	
0000134F	libhello_jni.so:std::string:::17988208825801258123+950	AND             W2, W1, W8      	X2=0000000000000001                     	
0000134F	libhello_jni.so:std::string:::17988208825801258123+954	EOR             W8, W1, W8      	X8=0000000000000000                     	
0000134F	libhello_jni.so:std::string:::17988208825801258123+958	ORR             W8, W2, W8      	X8=0000000000000001                     	
0000134F	libhello_jni.so:std::string:::17988208825801258123+95C	CMP             W8, #0          	C=1 N=0                                 	
0000134F	libhello_jni.so:std::string:::17988208825801258123+960	MOV             W8, #0x53F9     	X8=00000000000053F9                     	
0000134F	libhello_jni.so:std::string:::17988208825801258123+964	MOV             W9, #0x6A86     	X9=0000000000006A86                     	
0000134F	libhello_jni.so:std::string:::17988208825801258123+968	MOV             W1, #0x8ED3     	X1=0000000000008ED3                     	
0000134F	libhello_jni.so:std::string:::17988208825801258123+96C	MOVK            W8, #0x37B5,LSL#16	X8=0000000037B553F9                     	
0000134F	libhello_jni.so:std::string:::17988208825801258123+970	MOVK            W9, #0xF949,LSL#16	X9=00000000F9496A86                     	
0000134F	libhello_jni.so:std::string:::17988208825801258123+974	MOVK            W1, #0x2B5A,LSL#16	X1=000000002B5A8ED3                     	
0000134F	libhello_jni.so:std::string:::17988208825801258123+978	CSEL            W7, W8, W4, NE  	X7=0000000037B553F9                     	
0000134F	libhello_jni.so:std::string:::17988208825801258123+97C	B               loc_73A6951154  	                                        	
0000134F	libhello_jni.so:loc_73A6951154	CMP             W7, W22         	C=0                                     	
0000134F	libhello_jni.so:std::string:::17988208825801258123+5B4	B.GT            loc_73A6951198  	                                        	
0000134F	libhello_jni.so:loc_73A6951198	CMP             W7, W13         	N=1                                     	
0000134F	libhello_jni.so:std::string:::17988208825801258123+5F8	B.GT            loc_73A69511D8  	                                        	
0000134F	libhello_jni.so:std::string:::17988208825801258123+5FC	CMP             W7, W16         	C=1 N=0                                 	
0000134F	libhello_jni.so:std::string:::17988208825801258123+600	B.LE            loc_73A6951264  	                                        	
0000134F	libhello_jni.so:std::string:::17988208825801258123+604	CMP             W7, W11         	                                        	
0000134F	libhello_jni.so:std::string:::17988208825801258123+608	B.EQ            loc_73A695136C  	                                        	
0000134F	libhello_jni.so:std::string:::17988208825801258123+60C	CMP             W7, W1          	                                        	
0000134F	libhello_jni.so:std::string:::17988208825801258123+610	B.EQ            loc_73A6951448  	                                        	
0000134F	libhello_jni.so:std::string:::17988208825801258123+614	MOV             W8, #0x53F9     	X8=00000000000053F9                     	
0000134F	libhello_jni.so:std::string:::17988208825801258123+618	MOVK            W8, #0x37B5,LSL#16	X8=0000000037B553F9                     	
0000134F	libhello_jni.so:std::string:::17988208825801258123+61C	CMP             W7, W8          	Z=1                                     	
0000134F	libhello_jni.so:std::string:::17988208825801258123+620	B.NE            loc_73A6951154  	                                        	
0000134F	libhello_jni.so:std::string:::17988208825801258123+624	LDUR            W26, [X29,#-0x60]	X26=0000000000000008                    	
0000134F	libhello_jni.so:std::string:::17988208825801258123+628	MOV             W7, #0x8ED3     	X7=0000000000008ED3                     	
0000134F	libhello_jni.so:std::string:::17988208825801258123+62C	MOVK            W7, #0x2B5A,LSL#16	X7=000000002B5A8ED3                     	
0000134F	libhello_jni.so:std::string:::17988208825801258123+630	B               loc_73A6951154  	                                        	
0000134F	libhello_jni.so:loc_73A6951154	CMP             W7, W22         	C=0 Z=0                                 	
0000134F	libhello_jni.so:std::string:::17988208825801258123+5B4	B.GT            loc_73A6951198  	                                        	
0000134F	libhello_jni.so:loc_73A6951198	CMP             W7, W13         	N=1                                     	
0000134F	libhello_jni.so:std::string:::17988208825801258123+5F8	B.GT            loc_73A69511D8  	                                        	
0000134F	libhello_jni.so:std::string:::17988208825801258123+5FC	CMP             W7, W16         	C=1 N=0                                 	
0000134F	libhello_jni.so:std::string:::17988208825801258123+600	B.LE            loc_73A6951264  	                                        	
0000134F	libhello_jni.so:std::string:::17988208825801258123+604	CMP             W7, W11         	                                        	
0000134F	libhello_jni.so:std::string:::17988208825801258123+608	B.EQ            loc_73A695136C  	                                        	
0000134F	libhello_jni.so:std::string:::17988208825801258123+60C	CMP             W7, W1          	Z=1                                     	
0000134F	libhello_jni.so:std::string:::17988208825801258123+610	B.EQ            loc_73A6951448  	                                        	
0000134F	libhello_jni.so:loc_73A6951448	STUR            W26, [X29,#-0x5C]	                                        	
0000134F	libhello_jni.so:std::string:::17988208825801258123+8A8	LDURSW          X2, [X29,#-0x5C]	X2=0000000000000008                     	
0000134F	libhello_jni.so:std::string:::17988208825801258123+8AC	STUR            X2, [X29,#-0x78]	                                        	
0000134F	libhello_jni.so:std::string:::17988208825801258123+8B0	LDUR            X2, [X29,#-0x78]	                                        	
0000134F	libhello_jni.so:std::string:::17988208825801258123+8B4	LDUR            X8, [X29,#-0x98]	X8=0000000000000010                     	
0000134F	libhello_jni.so:std::string:::17988208825801258123+8B8	CMP             X2, X8          	C=0 Z=0 N=1                             	
0000134F	libhello_jni.so:std::string:::17988208825801258123+8BC	MOV             W8, #0x25D7     	X8=00000000000025D7                     	
0000134F	libhello_jni.so:std::string:::17988208825801258123+8C0	MOVK            W8, #0x4289,LSL#16	X8=00000000428925D7                     	
0000134F	libhello_jni.so:std::string:::17988208825801258123+8C4	CSEL            W7, W11, W8, CC 	X7=000000001C107584                     	
0000134F	libhello_jni.so:std::string:::17988208825801258123+8C8	B               loc_73A6951154  	                                        	
0000134F	libhello_jni.so:loc_73A6951154	CMP             W7, W22         	N=0                                     	
0000134F	libhello_jni.so:std::string:::17988208825801258123+5B4	B.GT            loc_73A6951198  	                                        	
0000134F	libhello_jni.so:loc_73A6951198	CMP             W7, W13         	N=1                                     	
0000134F	libhello_jni.so:std::string:::17988208825801258123+5F8	B.GT            loc_73A69511D8  	                                        	
0000134F	libhello_jni.so:std::string:::17988208825801258123+5FC	CMP             W7, W16         	C=1 N=0                                 	
0000134F	libhello_jni.so:std::string:::17988208825801258123+600	B.LE            loc_73A6951264  	                                        	
0000134F	libhello_jni.so:std::string:::17988208825801258123+604	CMP             W7, W11         	Z=1                                     	
0000134F	libhello_jni.so:std::string:::17988208825801258123+608	B.EQ            loc_73A695136C  	                                        	
0000134F	libhello_jni.so:loc_73A695136C	LDUR            W2, [X29,#-0x5C]	                                        	
0000134F	libhello_jni.so:std::string:::17988208825801258123+7CC	LDUR            X3, [X29,#-0x88]	X3=0000007FE7462420                     	
0000134F	libhello_jni.so:std::string:::17988208825801258123+7D0	MOV             W8, #0x87B1     	X8=00000000000087B1                     	
0000134F	libhello_jni.so:std::string:::17988208825801258123+7D4	MOVK            W8, #0x786F,LSL#16	X8=00000000786F87B1                     	
0000134F	libhello_jni.so:std::string:::17988208825801258123+7D8	ORN             W7, W8, W8      	X7=00000000FFFFFFFF                     	
0000134F	libhello_jni.so:std::string:::17988208825801258123+7DC	AND             W2, W2, #0xF    	                                        	
0000134F	libhello_jni.so:std::string:::17988208825801258123+7E0	AND             X2, X2, X7      	                                        	
0000134F	libhello_jni.so:std::string:::17988208825801258123+7E4	LDRB            W2, [X3,X2]     	X2=00000000000000BB                     	
0000134F	libhello_jni.so:std::string:::17988208825801258123+7E8	MOV             W7, #0xB514     	X7=000000000000B514                     	
0000134F	libhello_jni.so:std::string:::17988208825801258123+7EC	MOVK            W7, #0x1579,LSL#16	X7=000000001579B514                     	
0000134F	libhello_jni.so:std::string:::17988208825801258123+7F0	STURB           W2, [X29,#-0x70]	                                        	
0000134F	libhello_jni.so:std::string:::17988208825801258123+7F4	B               loc_73A6951154  	                                        	
0000134F	libhello_jni.so:loc_73A6951154	CMP             W7, W22         	C=0 Z=0                                 	
0000134F	libhello_jni.so:std::string:::17988208825801258123+5B4	B.GT            loc_73A6951198  	                                        	
0000134F	libhello_jni.so:loc_73A6951198	CMP             W7, W13         	N=1                                     	
0000134F	libhello_jni.so:std::string:::17988208825801258123+5F8	B.GT            loc_73A69511D8  	                                        	
0000134F	libhello_jni.so:std::string:::17988208825801258123+5FC	CMP             W7, W16         	                                        	
0000134F	libhello_jni.so:std::string:::17988208825801258123+600	B.LE            loc_73A6951264  	                                        	
0000134F	libhello_jni.so:loc_73A6951264	CMP             W7, W9          	N=0                                     	
0000134F	libhello_jni.so:std::string:::17988208825801258123+6C4	B.EQ            loc_73A69515B0  	                                        	
0000134F	libhello_jni.so:std::string:::17988208825801258123+6C8	MOV             W8, #0xB514     	X8=000000000000B514                     	
0000134F	libhello_jni.so:std::string:::17988208825801258123+6CC	MOVK            W8, #0x1579,LSL#16	X8=000000001579B514                     	
0000134F	libhello_jni.so:std::string:::17988208825801258123+6D0	CMP             W7, W8          	C=1 Z=1                                 	
0000134F	libhello_jni.so:std::string:::17988208825801258123+6D4	B.NE            loc_73A6951154  	                                        	
0000134F	libhello_jni.so:std::string:::17988208825801258123+6D8	LDUR            X2, [X29,#-0x78]	X2=0000000000000008                     	
0000134F	libhello_jni.so:std::string:::17988208825801258123+6DC	LDUR            X8, [X29,#-0xA0]	X8=00000074396C5200                     	
0000134F	libhello_jni.so:std::string:::17988208825801258123+6E0	MOV             W30, #0x25      	X30=0000000000000025                    	
0000134F	libhello_jni.so:std::string:::17988208825801258123+6E4	LDRB            W2, [X8,X2]     	X2=0000000000000038                     	
0000134F	libhello_jni.so:std::string:::17988208825801258123+6E8	LDURB           W3, [X29,#-0x70]	X3=00000000000000BB                     	
0000134F	libhello_jni.so:std::string:::17988208825801258123+6EC	MOV             W8, #0xDA       	X8=00000000000000DA                     	
0000134F	libhello_jni.so:std::string:::17988208825801258123+6F0	BIC             W7, W8, W2      	X7=00000000000000C2                     	
0000134F	libhello_jni.so:std::string:::17988208825801258123+6F4	STUR            W3, [X29,#-0x6C]	                                        	
0000134F	libhello_jni.so:std::string:::17988208825801258123+6F8	LDUR            W3, [X29,#-0x6C]	                                        	
0000134F	libhello_jni.so:std::string:::17988208825801258123+6FC	AND             W2, W2, W30     	X2=0000000000000020                     	
0000134F	libhello_jni.so:std::string:::17988208825801258123+700	ORR             W2, W7, W2      	X2=00000000000000E2                     	
0000134F	libhello_jni.so:std::string:::17988208825801258123+704	BIC             W7, W8, W3      	X7=0000000000000040                     	
0000134F	libhello_jni.so:std::string:::17988208825801258123+708	AND             W3, W3, W30     	X3=0000000000000021                     	
0000134F	libhello_jni.so:std::string:::17988208825801258123+70C	ORR             W3, W7, W3      	X3=0000000000000061                     	
0000134F	libhello_jni.so:std::string:::17988208825801258123+710	EOR             W2, W2, W3      	X2=0000000000000083                     	
0000134F	libhello_jni.so:std::string:::17988208825801258123+714	STURB           W2, [X29,#-0x68]	                                        	
0000134F	libhello_jni.so:std::string:::17988208825801258123+718	LDUR            W2, [X29,#-0x5C]	X2=0000000000000008                     	
0000134F	libhello_jni.so:std::string:::17988208825801258123+71C	ADRP            X8, #a9d9107e02f0f07@PAGE; \"9d9107e02f0f07984956767ab1ac87e5\"	X8=00000073A697B000                     	
0000134F	libhello_jni.so:std::string:::17988208825801258123+720	ADD             X8, X8, #a9d9107e02f0f07@PAGEOFF; \"9d9107e02f0f07984956767ab1ac87e5\"	X8=00000073A697B1A0                     	
0000134F	libhello_jni.so:std::string:::17988208825801258123+724	MOV             W7, #0x4E09     	X7=0000000000004E09                     	
0000134F	libhello_jni.so:std::string:::17988208825801258123+728	EOR             W3, W2, #0xFFFFFFF8	X3=00000000FFFFFFF0                     	
0000134F	libhello_jni.so:std::string:::17988208825801258123+72C	AND             X2, X3, X2      	X2=0000000000000000                     	
0000134F	libhello_jni.so:std::string:::17988208825801258123+730	LDRB            W2, [X8,X2]     	X2=0000000000000039                     	
0000134F	libhello_jni.so:std::string:::17988208825801258123+734	MOVK            W7, #0x980E,LSL#16	X7=00000000980E4E09                     	
0000134F	libhello_jni.so:std::string:::17988208825801258123+738	STURB           W2, [X29,#-0x64]	                                        	
0000134F	libhello_jni.so:std::string:::17988208825801258123+73C	B               loc_73A6951154  	                                        	
0000134F	libhello_jni.so:loc_73A6951154	CMP             W7, W22         	C=0 Z=0 N=1                             	
0000134F	libhello_jni.so:std::string:::17988208825801258123+5B4	B.GT            loc_73A6951198  	                                        	
0000134F	libhello_jni.so:std::string:::17988208825801258123+5B8	CMP             W7, W23         	                                        	
0000134F	libhello_jni.so:std::string:::17988208825801258123+5BC	B.LE            loc_73A695120C  	                                        	
0000134F	libhello_jni.so:loc_73A695120C	CMP             W7, W24         	C=1 N=0                                 	
0000134F	libhello_jni.so:std::string:::17988208825801258123+66C	B.LE            loc_73A6951350  	                                        	
0000134F	libhello_jni.so:std::string:::17988208825801258123+670	CMP             W7, W25         	Z=1                                     	
0000134F	libhello_jni.so:std::string:::17988208825801258123+674	B.EQ            loc_73A69513F4  	                                        	
0000134F	libhello_jni.so:loc_73A69513F4	LDR             W2, [X20]       	X2=0000000000000000                     	
0000134F	libhello_jni.so:std::string:::17988208825801258123+854	LDR             W3, [X19]       	X3=0000000000000000                     	
0000134F	libhello_jni.so:std::string:::17988208825801258123+858	MOV             W8, #0xF041     	X8=000000000000F041                     	
0000134F	libhello_jni.so:std::string:::17988208825801258123+85C	MOVK            W8, #0xD335,LSL#16	X8=00000000D335F041                     	
0000134F	libhello_jni.so:std::string:::17988208825801258123+860	CMP             W2, #9          	C=0 Z=0 N=1                             	
0000134F	libhello_jni.so:std::string:::17988208825801258123+864	SUB             W2, W3, #1      	X2=00000000FFFFFFFF                     	
0000134F	libhello_jni.so:std::string:::17988208825801258123+868	ORN             W7, W8, W8      	X7=00000000FFFFFFFF                     	
0000134F	libhello_jni.so:std::string:::17988208825801258123+86C	MADD            W2, W2, W3, WZR 	X2=0000000000000000                     	
0000134F	libhello_jni.so:std::string:::17988208825801258123+870	AND             W2, W2, W7      	                                        	
0000134F	libhello_jni.so:std::string:::17988208825801258123+874	CSET            W3, GT          	                                        	
0000134F	libhello_jni.so:std::string:::17988208825801258123+878	AND             W2, W2, #1      	                                        	
0000134F	libhello_jni.so:std::string:::17988208825801258123+87C	EOR             W7, W3, W2      	X7=0000000000000000                     	
0000134F	libhello_jni.so:std::string:::17988208825801258123+880	ORR             W2, W3, W2      	                                        	
0000134F	libhello_jni.so:std::string:::17988208825801258123+884	EOR             W2, W2, #1      	X2=0000000000000001                     	
0000134F	libhello_jni.so:std::string:::17988208825801258123+888	ORR             W2, W7, W2      	                                        	
0000134F	libhello_jni.so:std::string:::17988208825801258123+88C	CMP             W2, #0          	C=1 N=0                                 	
0000134F	libhello_jni.so:std::string:::17988208825801258123+890	CSEL            W7, W6, W4, NE  	X7=000000005B3AB7B8                     	
0000134F	libhello_jni.so:std::string:::17988208825801258123+894	B               loc_73A6951154  	                                        	
0000134F	libhello_jni.so:loc_73A6951154	CMP             W7, W22         	C=0                                     	
0000134F	libhello_jni.so:std::string:::17988208825801258123+5B4	B.GT            loc_73A6951198  	                                        	
0000134F	libhello_jni.so:loc_73A6951198	CMP             W7, W13         	C=1                                     	
0000134F	libhello_jni.so:std::string:::17988208825801258123+5F8	B.GT            loc_73A69511D8  	                                        	
0000134F	libhello_jni.so:loc_73A69511D8	CMP             W7, W0          	                                        	
0000134F	libhello_jni.so:std::string:::17988208825801258123+638	B.LE            loc_73A69512E4  	                                        	
0000134F	libhello_jni.so:std::string:::17988208825801258123+63C	CMP             W7, W21         	                                        	
0000134F	libhello_jni.so:std::string:::17988208825801258123+640	B.EQ            loc_73A695139C  	                                        	
0000134F	libhello_jni.so:std::string:::17988208825801258123+644	CMP             W7, W6          	Z=1                                     	
0000134F	libhello_jni.so:std::string:::17988208825801258123+648	B.EQ            loc_73A6951470  	                                        	
0000134F	libhello_jni.so:loc_73A6951470	LDURB           W2, [X29,#-0x64]	X2=0000000000000039                     	
0000134F	libhello_jni.so:std::string:::17988208825801258123+8D0	LDURB           W3, [X29,#-0x68]	X3=0000000000000083                     	
0000134F	libhello_jni.so:std::string:::17988208825801258123+8D4	LDUR            W7, [X29,#-0x6C]	X7=00000000000000BB                     	
0000134F	libhello_jni.so:std::string:::17988208825801258123+8D8	LDUR            W30, [X29,#-0x6C]	X30=00000000000000BB                    	
0000134F	libhello_jni.so:std::string:::17988208825801258123+8DC	LDUR            X8, [X29,#-0x78]	X8=0000000000000008                     	
0000134F	libhello_jni.so:std::string:::17988208825801258123+8E0	BIC             W1, W2, W3      	X1=0000000000000038                     	
0000134F	libhello_jni.so:std::string:::17988208825801258123+8E4	BIC             W3, W3, W2      	X3=0000000000000082                     	
0000134F	libhello_jni.so:std::string:::17988208825801258123+8E8	MOV             X9, X5          	X9=00000073A6FCF920                     	
0000134F	libhello_jni.so:std::string:::17988208825801258123+8EC	BIC             W5, W30, W2     	X5=0000000000000082                     	
0000134F	libhello_jni.so:std::string:::17988208825801258123+8F0	BIC             W2, W2, W30     	X2=0000000000000000                     	
0000134F	libhello_jni.so:std::string:::17988208825801258123+8F4	ORR             W1, W1, W3      	X1=00000000000000BA                     	
0000134F	libhello_jni.so:std::string:::17988208825801258123+8F8	ORR             W2, W5, W2      	X2=0000000000000082                     	
0000134F	libhello_jni.so:std::string:::17988208825801258123+8FC	ADD             W1, W1, W7      	X1=0000000000000175                     	
0000134F	libhello_jni.so:std::string:::17988208825801258123+900	BIC             W3, W1, W2      	X3=0000000000000175                     	
0000134F	libhello_jni.so:std::string:::17988208825801258123+904	BIC             W1, W2, W1      	X1=0000000000000082                     	
0000134F	libhello_jni.so:std::string:::17988208825801258123+908	MOV             X5, X9          	X5=00000073A6FCF920                     	
0000134F	libhello_jni.so:std::string:::17988208825801258123+90C	ORR             W1, W3, W1      	X1=00000000000001F7                     	
0000134F	libhello_jni.so:std::string:::17988208825801258123+910	STRB            W1, [X5,X8]     	                                        	
0000134F	libhello_jni.so:std::string:::17988208825801258123+914	LDUR            W8, [X29,#-0x5C]	                                        	
0000134F	libhello_jni.so:std::string:::17988208825801258123+918	LDR             W2, [X19]       	X2=0000000000000000                     	
0000134F	libhello_jni.so:std::string:::17988208825801258123+91C	MOV             W1, #0xBC18     	X1=000000000000BC18                     	
0000134F	libhello_jni.so:std::string:::17988208825801258123+920	MOVK            W1, #0x9609,LSL#16	X1=000000009609BC18                     	
0000134F	libhello_jni.so:std::string:::17988208825801258123+924	ADD             W8, W8, #1      	X8=0000000000000009                     	
0000134F	libhello_jni.so:std::string:::17988208825801258123+928	LDR             W3, [X20]       	X3=0000000000000000                     	
0000134F	libhello_jni.so:std::string:::17988208825801258123+92C	STUR            W8, [X29,#-0x60]	                                        	
0000134F	libhello_jni.so:std::string:::17988208825801258123+930	SUB             W8, W2, #1      	X8=00000000FFFFFFFF                     	
0000134F	libhello_jni.so:std::string:::17988208825801258123+934	ORN             W1, W1, W1      	X1=00000000FFFFFFFF                     	
0000134F	libhello_jni.so:std::string:::17988208825801258123+938	MADD            W8, W8, W2, WZR 	X8=0000000000000000                     	
0000134F	libhello_jni.so:std::string:::17988208825801258123+93C	AND             W8, W8, W1      	                                        	
0000134F	libhello_jni.so:std::string:::17988208825801258123+940	TST             W8, #1          	C=0                                     	
0000134F	libhello_jni.so:std::string:::17988208825801258123+944	CSET            W8, EQ          	X8=0000000000000001                     	
0000134F	libhello_jni.so:std::string:::17988208825801258123+948	CMP             W3, #0xA        	Z=0 N=1                                 	
0000134F	libhello_jni.so:std::string:::17988208825801258123+94C	CSET            W1, LT          	X1=0000000000000001                     	
0000134F	libhello_jni.so:std::string:::17988208825801258123+950	AND             W2, W1, W8      	X2=0000000000000001                     	
0000134F	libhello_jni.so:std::string:::17988208825801258123+954	EOR             W8, W1, W8      	X8=0000000000000000                     	
0000134F	libhello_jni.so:std::string:::17988208825801258123+958	ORR             W8, W2, W8      	X8=0000000000000001                     	
0000134F	libhello_jni.so:std::string:::17988208825801258123+95C	CMP             W8, #0          	C=1 N=0                                 	
0000134F	libhello_jni.so:std::string:::17988208825801258123+960	MOV             W8, #0x53F9     	X8=00000000000053F9                     	
0000134F	libhello_jni.so:std::string:::17988208825801258123+964	MOV             W9, #0x6A86     	X9=0000000000006A86                     	
0000134F	libhello_jni.so:std::string:::17988208825801258123+968	MOV             W1, #0x8ED3     	X1=0000000000008ED3                     	
0000134F	libhello_jni.so:std::string:::17988208825801258123+96C	MOVK            W8, #0x37B5,LSL#16	X8=0000000037B553F9                     	
0000134F	libhello_jni.so:std::string:::17988208825801258123+970	MOVK            W9, #0xF949,LSL#16	X9=00000000F9496A86                     	
0000134F	libhello_jni.so:std::string:::17988208825801258123+974	MOVK            W1, #0x2B5A,LSL#16	X1=000000002B5A8ED3                     	
0000134F	libhello_jni.so:std::string:::17988208825801258123+978	CSEL            W7, W8, W4, NE  	X7=0000000037B553F9                     	
0000134F	libhello_jni.so:std::string:::17988208825801258123+97C	B               loc_73A6951154  	                                        	
0000134F	libhello_jni.so:loc_73A6951154	CMP             W7, W22         	C=0                                     	
0000134F	libhello_jni.so:std::string:::17988208825801258123+5B4	B.GT            loc_73A6951198  	                                        	
0000134F	libhello_jni.so:loc_73A6951198	CMP             W7, W13         	N=1                                     	
0000134F	libhello_jni.so:std::string:::17988208825801258123+5F8	B.GT            loc_73A69511D8  	                                        	
0000134F	libhello_jni.so:std::string:::17988208825801258123+5FC	CMP             W7, W16         	C=1 N=0                                 	
0000134F	libhello_jni.so:std::string:::17988208825801258123+600	B.LE            loc_73A6951264  	                                        	
0000134F	libhello_jni.so:std::string:::17988208825801258123+604	CMP             W7, W11         	                                        	
0000134F	libhello_jni.so:std::string:::17988208825801258123+608	B.EQ            loc_73A695136C  	                                        	
0000134F	libhello_jni.so:std::string:::17988208825801258123+60C	CMP             W7, W1          	                                        	
0000134F	libhello_jni.so:std::string:::17988208825801258123+610	B.EQ            loc_73A6951448  	                                        	
0000134F	libhello_jni.so:std::string:::17988208825801258123+614	MOV             W8, #0x53F9     	X8=00000000000053F9                     	
0000134F	libhello_jni.so:std::string:::17988208825801258123+618	MOVK            W8, #0x37B5,LSL#16	X8=0000000037B553F9                     	
0000134F	libhello_jni.so:std::string:::17988208825801258123+61C	CMP             W7, W8          	Z=1                                     	
0000134F	libhello_jni.so:std::string:::17988208825801258123+620	B.NE            loc_73A6951154  	                                        	
0000134F	libhello_jni.so:std::string:::17988208825801258123+624	LDUR            W26, [X29,#-0x60]	X26=0000000000000009                    	
0000134F	libhello_jni.so:std::string:::17988208825801258123+628	MOV             W7, #0x8ED3     	X7=0000000000008ED3                     	
0000134F	libhello_jni.so:std::string:::17988208825801258123+62C	MOVK            W7, #0x2B5A,LSL#16	X7=000000002B5A8ED3                     	
0000134F	libhello_jni.so:std::string:::17988208825801258123+630	B               loc_73A6951154  	                                        	
0000134F	libhello_jni.so:loc_73A6951154	CMP             W7, W22         	C=0 Z=0                                 	
0000134F	libhello_jni.so:std::string:::17988208825801258123+5B4	B.GT            loc_73A6951198  	                                        	
0000134F	libhello_jni.so:loc_73A6951198	CMP             W7, W13         	N=1                                     	
0000134F	libhello_jni.so:std::string:::17988208825801258123+5F8	B.GT            loc_73A69511D8  	                                        	
0000134F	libhello_jni.so:std::string:::17988208825801258123+5FC	CMP             W7, W16         	C=1 N=0                                 	
0000134F	libhello_jni.so:std::string:::17988208825801258123+600	B.LE            loc_73A6951264  	                                        	
0000134F	libhello_jni.so:std::string:::17988208825801258123+604	CMP             W7, W11         	                                        	
0000134F	libhello_jni.so:std::string:::17988208825801258123+608	B.EQ            loc_73A695136C  	                                        	
0000134F	libhello_jni.so:std::string:::17988208825801258123+60C	CMP             W7, W1          	Z=1                                     	
0000134F	libhello_jni.so:std::string:::17988208825801258123+610	B.EQ            loc_73A6951448  	                                        	
0000134F	libhello_jni.so:loc_73A6951448	STUR            W26, [X29,#-0x5C]	                                        	
0000134F	libhello_jni.so:std::string:::17988208825801258123+8A8	LDURSW          X2, [X29,#-0x5C]	X2=0000000000000009                     	
0000134F	libhello_jni.so:std::string:::17988208825801258123+8AC	STUR            X2, [X29,#-0x78]	                                        	
0000134F	libhello_jni.so:std::string:::17988208825801258123+8B0	LDUR            X2, [X29,#-0x78]	                                        	
0000134F	libhello_jni.so:std::string:::17988208825801258123+8B4	LDUR            X8, [X29,#-0x98]	X8=0000000000000010                     	
0000134F	libhello_jni.so:std::string:::17988208825801258123+8B8	CMP             X2, X8          	C=0 Z=0 N=1                             	
0000134F	libhello_jni.so:std::string:::17988208825801258123+8BC	MOV             W8, #0x25D7     	X8=00000000000025D7                     	
0000134F	libhello_jni.so:std::string:::17988208825801258123+8C0	MOVK            W8, #0x4289,LSL#16	X8=00000000428925D7                     	
0000134F	libhello_jni.so:std::string:::17988208825801258123+8C4	CSEL            W7, W11, W8, CC 	X7=000000001C107584                     	
0000134F	libhello_jni.so:std::string:::17988208825801258123+8C8	B               loc_73A6951154  	                                        	
0000134F	libhello_jni.so:loc_73A6951154	CMP             W7, W22         	N=0                                     	
0000134F	libhello_jni.so:std::string:::17988208825801258123+5B4	B.GT            loc_73A6951198  	                                        	
0000134F	libhello_jni.so:loc_73A6951198	CMP             W7, W13         	N=1                                     	
0000134F	libhello_jni.so:std::string:::17988208825801258123+5F8	B.GT            loc_73A69511D8  	                                        	
0000134F	libhello_jni.so:std::string:::17988208825801258123+5FC	CMP             W7, W16         	C=1 N=0                                 	
0000134F	libhello_jni.so:std::string:::17988208825801258123+600	B.LE            loc_73A6951264  	                                        	
0000134F	libhello_jni.so:std::string:::17988208825801258123+604	CMP             W7, W11         	Z=1                                     	
0000134F	libhello_jni.so:std::string:::17988208825801258123+608	B.EQ            loc_73A695136C  	                                        	
0000134F	libhello_jni.so:loc_73A695136C	LDUR            W2, [X29,#-0x5C]	                                        	
0000134F	libhello_jni.so:std::string:::17988208825801258123+7CC	LDUR            X3, [X29,#-0x88]	X3=0000007FE7462420                     	
0000134F	libhello_jni.so:std::string:::17988208825801258123+7D0	MOV             W8, #0x87B1     	X8=00000000000087B1                     	
0000134F	libhello_jni.so:std::string:::17988208825801258123+7D4	MOVK            W8, #0x786F,LSL#16	X8=00000000786F87B1                     	
0000134F	libhello_jni.so:std::string:::17988208825801258123+7D8	ORN             W7, W8, W8      	X7=00000000FFFFFFFF                     	
0000134F	libhello_jni.so:std::string:::17988208825801258123+7DC	AND             W2, W2, #0xF    	                                        	
0000134F	libhello_jni.so:std::string:::17988208825801258123+7E0	AND             X2, X2, X7      	                                        	
0000134F	libhello_jni.so:std::string:::17988208825801258123+7E4	LDRB            W2, [X3,X2]     	X2=000000000000000F                     	
0000134F	libhello_jni.so:std::string:::17988208825801258123+7E8	MOV             W7, #0xB514     	X7=000000000000B514                     	
0000134F	libhello_jni.so:std::string:::17988208825801258123+7EC	MOVK            W7, #0x1579,LSL#16	X7=000000001579B514                     	
0000134F	libhello_jni.so:std::string:::17988208825801258123+7F0	STURB           W2, [X29,#-0x70]	                                        	
0000134F	libhello_jni.so:std::string:::17988208825801258123+7F4	B               loc_73A6951154  	                                        	
0000134F	libhello_jni.so:loc_73A6951154	CMP             W7, W22         	C=0 Z=0                                 	
0000134F	libhello_jni.so:std::string:::17988208825801258123+5B4	B.GT            loc_73A6951198  	                                        	
0000134F	libhello_jni.so:loc_73A6951198	CMP             W7, W13         	N=1                                     	
0000134F	libhello_jni.so:std::string:::17988208825801258123+5F8	B.GT            loc_73A69511D8  	                                        	
0000134F	libhello_jni.so:std::string:::17988208825801258123+5FC	CMP             W7, W16         	                                        	
0000134F	libhello_jni.so:std::string:::17988208825801258123+600	B.LE            loc_73A6951264  	                                        	
0000134F	libhello_jni.so:loc_73A6951264	CMP             W7, W9          	N=0                                     	
0000134F	libhello_jni.so:std::string:::17988208825801258123+6C4	B.EQ            loc_73A69515B0  	                                        	
0000134F	libhello_jni.so:std::string:::17988208825801258123+6C8	MOV             W8, #0xB514     	X8=000000000000B514                     	
0000134F	libhello_jni.so:std::string:::17988208825801258123+6CC	MOVK            W8, #0x1579,LSL#16	X8=000000001579B514                     	
0000134F	libhello_jni.so:std::string:::17988208825801258123+6D0	CMP             W7, W8          	C=1 Z=1                                 	
0000134F	libhello_jni.so:std::string:::17988208825801258123+6D4	B.NE            loc_73A6951154  	                                        	
0000134F	libhello_jni.so:std::string:::17988208825801258123+6D8	LDUR            X2, [X29,#-0x78]	X2=0000000000000009                     	
0000134F	libhello_jni.so:std::string:::17988208825801258123+6DC	LDUR            X8, [X29,#-0xA0]	X8=00000074396C5200                     	
0000134F	libhello_jni.so:std::string:::17988208825801258123+6E0	MOV             W30, #0x25      	X30=0000000000000025                    	
0000134F	libhello_jni.so:std::string:::17988208825801258123+6E4	LDRB            W2, [X8,X2]     	X2=0000000000000039                     	
0000134F	libhello_jni.so:std::string:::17988208825801258123+6E8	LDURB           W3, [X29,#-0x70]	X3=000000000000000F                     	
0000134F	libhello_jni.so:std::string:::17988208825801258123+6EC	MOV             W8, #0xDA       	X8=00000000000000DA                     	
0000134F	libhello_jni.so:std::string:::17988208825801258123+6F0	BIC             W7, W8, W2      	X7=00000000000000C2                     	
0000134F	libhello_jni.so:std::string:::17988208825801258123+6F4	STUR            W3, [X29,#-0x6C]	                                        	
0000134F	libhello_jni.so:std::string:::17988208825801258123+6F8	LDUR            W3, [X29,#-0x6C]	                                        	
0000134F	libhello_jni.so:std::string:::17988208825801258123+6FC	AND             W2, W2, W30     	X2=0000000000000021                     	
0000134F	libhello_jni.so:std::string:::17988208825801258123+700	ORR             W2, W7, W2      	X2=00000000000000E3                     	
0000134F	libhello_jni.so:std::string:::17988208825801258123+704	BIC             W7, W8, W3      	X7=00000000000000D0                     	
0000134F	libhello_jni.so:std::string:::17988208825801258123+708	AND             W3, W3, W30     	X3=0000000000000005                     	
0000134F	libhello_jni.so:std::string:::17988208825801258123+70C	ORR             W3, W7, W3      	X3=00000000000000D5                     	
0000134F	libhello_jni.so:std::string:::17988208825801258123+710	EOR             W2, W2, W3      	X2=0000000000000036                     	
0000134F	libhello_jni.so:std::string:::17988208825801258123+714	STURB           W2, [X29,#-0x68]	                                        	
0000134F	libhello_jni.so:std::string:::17988208825801258123+718	LDUR            W2, [X29,#-0x5C]	X2=0000000000000009                     	
0000134F	libhello_jni.so:std::string:::17988208825801258123+71C	ADRP            X8, #a9d9107e02f0f07@PAGE; \"9d9107e02f0f07984956767ab1ac87e5\"	X8=00000073A697B000                     	
0000134F	libhello_jni.so:std::string:::17988208825801258123+720	ADD             X8, X8, #a9d9107e02f0f07@PAGEOFF; \"9d9107e02f0f07984956767ab1ac87e5\"	X8=00000073A697B1A0                     	
0000134F	libhello_jni.so:std::string:::17988208825801258123+724	MOV             W7, #0x4E09     	X7=0000000000004E09                     	
0000134F	libhello_jni.so:std::string:::17988208825801258123+728	EOR             W3, W2, #0xFFFFFFF8	X3=00000000FFFFFFF1                     	
0000134F	libhello_jni.so:std::string:::17988208825801258123+72C	AND             X2, X3, X2      	X2=0000000000000001                     	
0000134F	libhello_jni.so:std::string:::17988208825801258123+730	LDRB            W2, [X8,X2]     	X2=0000000000000064                     	
0000134F	libhello_jni.so:std::string:::17988208825801258123+734	MOVK            W7, #0x980E,LSL#16	X7=00000000980E4E09                     	
0000134F	libhello_jni.so:std::string:::17988208825801258123+738	STURB           W2, [X29,#-0x64]	                                        	
0000134F	libhello_jni.so:std::string:::17988208825801258123+73C	B               loc_73A6951154  	                                        	
0000134F	libhello_jni.so:loc_73A6951154	CMP             W7, W22         	C=0 Z=0 N=1                             	
0000134F	libhello_jni.so:std::string:::17988208825801258123+5B4	B.GT            loc_73A6951198  	                                        	
0000134F	libhello_jni.so:std::string:::17988208825801258123+5B8	CMP             W7, W23         	                                        	
0000134F	libhello_jni.so:std::string:::17988208825801258123+5BC	B.LE            loc_73A695120C  	                                        	
0000134F	libhello_jni.so:loc_73A695120C	CMP             W7, W24         	C=1 N=0                                 	
0000134F	libhello_jni.so:std::string:::17988208825801258123+66C	B.LE            loc_73A6951350  	                                        	
0000134F	libhello_jni.so:std::string:::17988208825801258123+670	CMP             W7, W25         	Z=1                                     	
0000134F	libhello_jni.so:std::string:::17988208825801258123+674	B.EQ            loc_73A69513F4  	                                        	
0000134F	libhello_jni.so:loc_73A69513F4	LDR             W2, [X20]       	X2=0000000000000000                     	
0000134F	libhello_jni.so:std::string:::17988208825801258123+854	LDR             W3, [X19]       	X3=0000000000000000                     	
0000134F	libhello_jni.so:std::string:::17988208825801258123+858	MOV             W8, #0xF041     	X8=000000000000F041                     	
0000134F	libhello_jni.so:std::string:::17988208825801258123+85C	MOVK            W8, #0xD335,LSL#16	X8=00000000D335F041                     	
0000134F	libhello_jni.so:std::string:::17988208825801258123+860	CMP             W2, #9          	C=0 Z=0 N=1                             	
0000134F	libhello_jni.so:std::string:::17988208825801258123+864	SUB             W2, W3, #1      	X2=00000000FFFFFFFF                     	
0000134F	libhello_jni.so:std::string:::17988208825801258123+868	ORN             W7, W8, W8      	X7=00000000FFFFFFFF                     	
0000134F	libhello_jni.so:std::string:::17988208825801258123+86C	MADD            W2, W2, W3, WZR 	X2=0000000000000000                     	
0000134F	libhello_jni.so:std::string:::17988208825801258123+870	AND             W2, W2, W7      	                                        	
0000134F	libhello_jni.so:std::string:::17988208825801258123+874	CSET            W3, GT          	                                        	
0000134F	libhello_jni.so:std::string:::17988208825801258123+878	AND             W2, W2, #1      	                                        	
0000134F	libhello_jni.so:std::string:::17988208825801258123+87C	EOR             W7, W3, W2      	X7=0000000000000000                     	
0000134F	libhello_jni.so:std::string:::17988208825801258123+880	ORR             W2, W3, W2      	                                        	
0000134F	libhello_jni.so:std::string:::17988208825801258123+884	EOR             W2, W2, #1      	X2=0000000000000001                     	
0000134F	libhello_jni.so:std::string:::17988208825801258123+888	ORR             W2, W7, W2      	                                        	
0000134F	libhello_jni.so:std::string:::17988208825801258123+88C	CMP             W2, #0          	C=1 N=0                                 	
0000134F	libhello_jni.so:std::string:::17988208825801258123+890	CSEL            W7, W6, W4, NE  	X7=000000005B3AB7B8                     	
0000134F	libhello_jni.so:std::string:::17988208825801258123+894	B               loc_73A6951154  	                                        	
0000134F	libhello_jni.so:loc_73A6951154	CMP             W7, W22         	C=0                                     	
0000134F	libhello_jni.so:std::string:::17988208825801258123+5B4	B.GT            loc_73A6951198  	                                        	
0000134F	libhello_jni.so:loc_73A6951198	CMP             W7, W13         	C=1                                     	
0000134F	libhello_jni.so:std::string:::17988208825801258123+5F8	B.GT            loc_73A69511D8  	                                        	
0000134F	libhello_jni.so:loc_73A69511D8	CMP             W7, W0          	                                        	
0000134F	libhello_jni.so:std::string:::17988208825801258123+638	B.LE            loc_73A69512E4  	                                        	
0000134F	libhello_jni.so:std::string:::17988208825801258123+63C	CMP             W7, W21         	                                        	
0000134F	libhello_jni.so:std::string:::17988208825801258123+640	B.EQ            loc_73A695139C  	                                        	
0000134F	libhello_jni.so:std::string:::17988208825801258123+644	CMP             W7, W6          	Z=1                                     	
0000134F	libhello_jni.so:std::string:::17988208825801258123+648	B.EQ            loc_73A6951470  	                                        	
0000134F	libhello_jni.so:loc_73A6951470	LDURB           W2, [X29,#-0x64]	X2=0000000000000064                     	
0000134F	libhello_jni.so:std::string:::17988208825801258123+8D0	LDURB           W3, [X29,#-0x68]	X3=0000000000000036                     	
0000134F	libhello_jni.so:std::string:::17988208825801258123+8D4	LDUR            W7, [X29,#-0x6C]	X7=000000000000000F                     	
0000134F	libhello_jni.so:std::string:::17988208825801258123+8D8	LDUR            W30, [X29,#-0x6C]	X30=000000000000000F                    	
0000134F	libhello_jni.so:std::string:::17988208825801258123+8DC	LDUR            X8, [X29,#-0x78]	X8=0000000000000009                     	
0000134F	libhello_jni.so:std::string:::17988208825801258123+8E0	BIC             W1, W2, W3      	X1=0000000000000040                     	
0000134F	libhello_jni.so:std::string:::17988208825801258123+8E4	BIC             W3, W3, W2      	X3=0000000000000012                     	
0000134F	libhello_jni.so:std::string:::17988208825801258123+8E8	MOV             X9, X5          	X9=00000073A6FCF920                     	
0000134F	libhello_jni.so:std::string:::17988208825801258123+8EC	BIC             W5, W30, W2     	X5=000000000000000B                     	
0000134F	libhello_jni.so:std::string:::17988208825801258123+8F0	BIC             W2, W2, W30     	X2=0000000000000060                     	
0000134F	libhello_jni.so:std::string:::17988208825801258123+8F4	ORR             W1, W1, W3      	X1=0000000000000052                     	
0000134F	libhello_jni.so:std::string:::17988208825801258123+8F8	ORR             W2, W5, W2      	X2=000000000000006B                     	
0000134F	libhello_jni.so:std::string:::17988208825801258123+8FC	ADD             W1, W1, W7      	X1=0000000000000061                     	
0000134F	libhello_jni.so:std::string:::17988208825801258123+900	BIC             W3, W1, W2      	X3=0000000000000000                     	
0000134F	libhello_jni.so:std::string:::17988208825801258123+904	BIC             W1, W2, W1      	X1=000000000000000A                     	
0000134F	libhello_jni.so:std::string:::17988208825801258123+908	MOV             X5, X9          	X5=00000073A6FCF920                     	
0000134F	libhello_jni.so:std::string:::17988208825801258123+90C	ORR             W1, W3, W1      	                                        	
0000134F	libhello_jni.so:std::string:::17988208825801258123+910	STRB            W1, [X5,X8]     	                                        	
0000134F	libhello_jni.so:std::string:::17988208825801258123+914	LDUR            W8, [X29,#-0x5C]	                                        	
0000134F	libhello_jni.so:std::string:::17988208825801258123+918	LDR             W2, [X19]       	X2=0000000000000000                     	
0000134F	libhello_jni.so:std::string:::17988208825801258123+91C	MOV             W1, #0xBC18     	X1=000000000000BC18                     	
0000134F	libhello_jni.so:std::string:::17988208825801258123+920	MOVK            W1, #0x9609,LSL#16	X1=000000009609BC18                     	
0000134F	libhello_jni.so:std::string:::17988208825801258123+924	ADD             W8, W8, #1      	X8=000000000000000A                     	
0000134F	libhello_jni.so:std::string:::17988208825801258123+928	LDR             W3, [X20]       	                                        	
0000134F	libhello_jni.so:std::string:::17988208825801258123+92C	STUR            W8, [X29,#-0x60]	                                        	
0000134F	libhello_jni.so:std::string:::17988208825801258123+930	SUB             W8, W2, #1      	X8=00000000FFFFFFFF                     	
0000134F	libhello_jni.so:std::string:::17988208825801258123+934	ORN             W1, W1, W1      	X1=00000000FFFFFFFF                     	
0000134F	libhello_jni.so:std::string:::17988208825801258123+938	MADD            W8, W8, W2, WZR 	X8=0000000000000000                     	
0000134F	libhello_jni.so:std::string:::17988208825801258123+93C	AND             W8, W8, W1      	                                        	
0000134F	libhello_jni.so:std::string:::17988208825801258123+940	TST             W8, #1          	C=0                                     	
0000134F	libhello_jni.so:std::string:::17988208825801258123+944	CSET            W8, EQ          	X8=0000000000000001                     	
0000134F	libhello_jni.so:std::string:::17988208825801258123+948	CMP             W3, #0xA        	Z=0 N=1                                 	
0000134F	libhello_jni.so:std::string:::17988208825801258123+94C	CSET            W1, LT          	X1=0000000000000001                     	
0000134F	libhello_jni.so:std::string:::17988208825801258123+950	AND             W2, W1, W8      	X2=0000000000000001                     	
0000134F	libhello_jni.so:std::string:::17988208825801258123+954	EOR             W8, W1, W8      	X8=0000000000000000                     	
0000134F	libhello_jni.so:std::string:::17988208825801258123+958	ORR             W8, W2, W8      	X8=0000000000000001                     	
0000134F	libhello_jni.so:std::string:::17988208825801258123+95C	CMP             W8, #0          	C=1 N=0                                 	
0000134F	libhello_jni.so:std::string:::17988208825801258123+960	MOV             W8, #0x53F9     	X8=00000000000053F9                     	
0000134F	libhello_jni.so:std::string:::17988208825801258123+964	MOV             W9, #0x6A86     	X9=0000000000006A86                     	
0000134F	libhello_jni.so:std::string:::17988208825801258123+968	MOV             W1, #0x8ED3     	X1=0000000000008ED3                     	
0000134F	libhello_jni.so:std::string:::17988208825801258123+96C	MOVK            W8, #0x37B5,LSL#16	X8=0000000037B553F9                     	
0000134F	libhello_jni.so:std::string:::17988208825801258123+970	MOVK            W9, #0xF949,LSL#16	X9=00000000F9496A86                     	
0000134F	libhello_jni.so:std::string:::17988208825801258123+974	MOVK            W1, #0x2B5A,LSL#16	X1=000000002B5A8ED3                     	
0000134F	libhello_jni.so:std::string:::17988208825801258123+978	CSEL            W7, W8, W4, NE  	X7=0000000037B553F9                     	
0000134F	libhello_jni.so:std::string:::17988208825801258123+97C	B               loc_73A6951154  	                                        	
0000134F	libhello_jni.so:loc_73A6951154	CMP             W7, W22         	C=0                                     	
0000134F	libhello_jni.so:std::string:::17988208825801258123+5B4	B.GT            loc_73A6951198  	                                        	
0000134F	libhello_jni.so:loc_73A6951198	CMP             W7, W13         	N=1                                     	
0000134F	libhello_jni.so:std::string:::17988208825801258123+5F8	B.GT            loc_73A69511D8  	                                        	
0000134F	libhello_jni.so:std::string:::17988208825801258123+5FC	CMP             W7, W16         	C=1 N=0                                 	
0000134F	libhello_jni.so:std::string:::17988208825801258123+600	B.LE            loc_73A6951264  	                                        	
0000134F	libhello_jni.so:std::string:::17988208825801258123+604	CMP             W7, W11         	                                        	
0000134F	libhello_jni.so:std::string:::17988208825801258123+608	B.EQ            loc_73A695136C  	                                        	
0000134F	libhello_jni.so:std::string:::17988208825801258123+60C	CMP             W7, W1          	                                        	
0000134F	libhello_jni.so:std::string:::17988208825801258123+610	B.EQ            loc_73A6951448  	                                        	
0000134F	libhello_jni.so:std::string:::17988208825801258123+614	MOV             W8, #0x53F9     	X8=00000000000053F9                     	
0000134F	libhello_jni.so:std::string:::17988208825801258123+618	MOVK            W8, #0x37B5,LSL#16	X8=0000000037B553F9                     	
0000134F	libhello_jni.so:std::string:::17988208825801258123+61C	CMP             W7, W8          	Z=1                                     	
0000134F	libhello_jni.so:std::string:::17988208825801258123+620	B.NE            loc_73A6951154  	                                        	
0000134F	libhello_jni.so:std::string:::17988208825801258123+624	LDUR            W26, [X29,#-0x60]	X26=000000000000000A                    	
0000134F	libhello_jni.so:std::string:::17988208825801258123+628	MOV             W7, #0x8ED3     	X7=0000000000008ED3                     	
0000134F	libhello_jni.so:std::string:::17988208825801258123+62C	MOVK            W7, #0x2B5A,LSL#16	X7=000000002B5A8ED3                     	
0000134F	libhello_jni.so:std::string:::17988208825801258123+630	B               loc_73A6951154  	                                        	
0000134F	libhello_jni.so:loc_73A6951154	CMP             W7, W22         	C=0 Z=0                                 	
0000134F	libhello_jni.so:std::string:::17988208825801258123+5B4	B.GT            loc_73A6951198  	                                        	
0000134F	libhello_jni.so:loc_73A6951198	CMP             W7, W13         	N=1                                     	
0000134F	libhello_jni.so:std::string:::17988208825801258123+5F8	B.GT            loc_73A69511D8  	                                        	
0000134F	libhello_jni.so:std::string:::17988208825801258123+5FC	CMP             W7, W16         	C=1 N=0                                 	
0000134F	libhello_jni.so:std::string:::17988208825801258123+600	B.LE            loc_73A6951264  	                                        	
0000134F	libhello_jni.so:std::string:::17988208825801258123+604	CMP             W7, W11         	                                        	
0000134F	libhello_jni.so:std::string:::17988208825801258123+608	B.EQ            loc_73A695136C  	                                        	
0000134F	libhello_jni.so:std::string:::17988208825801258123+60C	CMP             W7, W1          	Z=1                                     	
0000134F	libhello_jni.so:std::string:::17988208825801258123+610	B.EQ            loc_73A6951448  	                                        	
0000134F	libhello_jni.so:loc_73A6951448	STUR            W26, [X29,#-0x5C]	                                        	
0000134F	libhello_jni.so:std::string:::17988208825801258123+8A8	LDURSW          X2, [X29,#-0x5C]	X2=000000000000000A                     	
0000134F	libhello_jni.so:std::string:::17988208825801258123+8AC	STUR            X2, [X29,#-0x78]	                                        	
0000134F	libhello_jni.so:std::string:::17988208825801258123+8B0	LDUR            X2, [X29,#-0x78]	                                        	
0000134F	libhello_jni.so:std::string:::17988208825801258123+8B4	LDUR            X8, [X29,#-0x98]	X8=0000000000000010                     	
0000134F	libhello_jni.so:std::string:::17988208825801258123+8B8	CMP             X2, X8          	C=0 Z=0 N=1                             	
0000134F	libhello_jni.so:std::string:::17988208825801258123+8BC	MOV             W8, #0x25D7     	X8=00000000000025D7                     	
0000134F	libhello_jni.so:std::string:::17988208825801258123+8C0	MOVK            W8, #0x4289,LSL#16	X8=00000000428925D7                     	
0000134F	libhello_jni.so:std::string:::17988208825801258123+8C4	CSEL            W7, W11, W8, CC 	X7=000000001C107584                     	
0000134F	libhello_jni.so:std::string:::17988208825801258123+8C8	B               loc_73A6951154  	                                        	
0000134F	libhello_jni.so:loc_73A6951154	CMP             W7, W22         	N=0                                     	
0000134F	libhello_jni.so:std::string:::17988208825801258123+5B4	B.GT            loc_73A6951198  	                                        	
0000134F	libhello_jni.so:loc_73A6951198	CMP             W7, W13         	N=1                                     	
0000134F	libhello_jni.so:std::string:::17988208825801258123+5F8	B.GT            loc_73A69511D8  	                                        	
0000134F	libhello_jni.so:std::string:::17988208825801258123+5FC	CMP             W7, W16         	C=1 N=0                                 	
0000134F	libhello_jni.so:std::string:::17988208825801258123+600	B.LE            loc_73A6951264  	                                        	
0000134F	libhello_jni.so:std::string:::17988208825801258123+604	CMP             W7, W11         	Z=1                                     	
0000134F	libhello_jni.so:std::string:::17988208825801258123+608	B.EQ            loc_73A695136C  	                                        	
0000134F	libhello_jni.so:loc_73A695136C	LDUR            W2, [X29,#-0x5C]	                                        	
0000134F	libhello_jni.so:std::string:::17988208825801258123+7CC	LDUR            X3, [X29,#-0x88]	X3=0000007FE7462420                     	
0000134F	libhello_jni.so:std::string:::17988208825801258123+7D0	MOV             W8, #0x87B1     	X8=00000000000087B1                     	
0000134F	libhello_jni.so:std::string:::17988208825801258123+7D4	MOVK            W8, #0x786F,LSL#16	X8=00000000786F87B1                     	
0000134F	libhello_jni.so:std::string:::17988208825801258123+7D8	ORN             W7, W8, W8      	X7=00000000FFFFFFFF                     	
0000134F	libhello_jni.so:std::string:::17988208825801258123+7DC	AND             W2, W2, #0xF    	                                        	
0000134F	libhello_jni.so:std::string:::17988208825801258123+7E0	AND             X2, X2, X7      	                                        	
0000134F	libhello_jni.so:std::string:::17988208825801258123+7E4	LDRB            W2, [X3,X2]     	X2=00000000000000D9                     	
0000134F	libhello_jni.so:std::string:::17988208825801258123+7E8	MOV             W7, #0xB514     	X7=000000000000B514                     	
0000134F	libhello_jni.so:std::string:::17988208825801258123+7EC	MOVK            W7, #0x1579,LSL#16	X7=000000001579B514                     	
0000134F	libhello_jni.so:std::string:::17988208825801258123+7F0	STURB           W2, [X29,#-0x70]	                                        	
0000134F	libhello_jni.so:std::string:::17988208825801258123+7F4	B               loc_73A6951154  	                                        	
0000134F	libhello_jni.so:loc_73A6951154	CMP             W7, W22         	C=0 Z=0                                 	
0000134F	libhello_jni.so:std::string:::17988208825801258123+5B4	B.GT            loc_73A6951198  	                                        	
0000134F	libhello_jni.so:loc_73A6951198	CMP             W7, W13         	N=1                                     	
0000134F	libhello_jni.so:std::string:::17988208825801258123+5F8	B.GT            loc_73A69511D8  	                                        	
0000134F	libhello_jni.so:std::string:::17988208825801258123+5FC	CMP             W7, W16         	                                        	
0000134F	libhello_jni.so:std::string:::17988208825801258123+600	B.LE            loc_73A6951264  	                                        	
0000134F	libhello_jni.so:loc_73A6951264	CMP             W7, W9          	N=0                                     	
0000134F	libhello_jni.so:std::string:::17988208825801258123+6C4	B.EQ            loc_73A69515B0  	                                        	
0000134F	libhello_jni.so:std::string:::17988208825801258123+6C8	MOV             W8, #0xB514     	X8=000000000000B514                     	
0000134F	libhello_jni.so:std::string:::17988208825801258123+6CC	MOVK            W8, #0x1579,LSL#16	X8=000000001579B514                     	
0000134F	libhello_jni.so:std::string:::17988208825801258123+6D0	CMP             W7, W8          	C=1 Z=1                                 	
0000134F	libhello_jni.so:std::string:::17988208825801258123+6D4	B.NE            loc_73A6951154  	                                        	
0000134F	libhello_jni.so:std::string:::17988208825801258123+6D8	LDUR            X2, [X29,#-0x78]	X2=000000000000000A                     	
0000134F	libhello_jni.so:std::string:::17988208825801258123+6DC	LDUR            X8, [X29,#-0xA0]	X8=00000074396C5200                     	
0000134F	libhello_jni.so:std::string:::17988208825801258123+6E0	MOV             W30, #0x25      	X30=0000000000000025                    	
0000134F	libhello_jni.so:std::string:::17988208825801258123+6E4	LDRB            W2, [X8,X2]     	X2=0000000000000061                     	
0000134F	libhello_jni.so:std::string:::17988208825801258123+6E8	LDURB           W3, [X29,#-0x70]	X3=00000000000000D9                     	
0000134F	libhello_jni.so:std::string:::17988208825801258123+6EC	MOV             W8, #0xDA       	X8=00000000000000DA                     	
0000134F	libhello_jni.so:std::string:::17988208825801258123+6F0	BIC             W7, W8, W2      	X7=000000000000009A                     	
0000134F	libhello_jni.so:std::string:::17988208825801258123+6F4	STUR            W3, [X29,#-0x6C]	                                        	
0000134F	libhello_jni.so:std::string:::17988208825801258123+6F8	LDUR            W3, [X29,#-0x6C]	                                        	
0000134F	libhello_jni.so:std::string:::17988208825801258123+6FC	AND             W2, W2, W30     	X2=0000000000000021                     	
0000134F	libhello_jni.so:std::string:::17988208825801258123+700	ORR             W2, W7, W2      	X2=00000000000000BB                     	
0000134F	libhello_jni.so:std::string:::17988208825801258123+704	BIC             W7, W8, W3      	X7=0000000000000002                     	
0000134F	libhello_jni.so:std::string:::17988208825801258123+708	AND             W3, W3, W30     	X3=0000000000000001                     	
0000134F	libhello_jni.so:std::string:::17988208825801258123+70C	ORR             W3, W7, W3      	X3=0000000000000003                     	
0000134F	libhello_jni.so:std::string:::17988208825801258123+710	EOR             W2, W2, W3      	X2=00000000000000B8                     	
0000134F	libhello_jni.so:std::string:::17988208825801258123+714	STURB           W2, [X29,#-0x68]	                                        	
0000134F	libhello_jni.so:std::string:::17988208825801258123+718	LDUR            W2, [X29,#-0x5C]	X2=000000000000000A                     	
0000134F	libhello_jni.so:std::string:::17988208825801258123+71C	ADRP            X8, #a9d9107e02f0f07@PAGE; \"9d9107e02f0f07984956767ab1ac87e5\"	X8=00000073A697B000                     	
0000134F	libhello_jni.so:std::string:::17988208825801258123+720	ADD             X8, X8, #a9d9107e02f0f07@PAGEOFF; \"9d9107e02f0f07984956767ab1ac87e5\"	X8=00000073A697B1A0                     	
0000134F	libhello_jni.so:std::string:::17988208825801258123+724	MOV             W7, #0x4E09     	X7=0000000000004E09                     	
0000134F	libhello_jni.so:std::string:::17988208825801258123+728	EOR             W3, W2, #0xFFFFFFF8	X3=00000000FFFFFFF2                     	
0000134F	libhello_jni.so:std::string:::17988208825801258123+72C	AND             X2, X3, X2      	X2=0000000000000002                     	
0000134F	libhello_jni.so:std::string:::17988208825801258123+730	LDRB            W2, [X8,X2]     	X2=0000000000000039                     	
0000134F	libhello_jni.so:std::string:::17988208825801258123+734	MOVK            W7, #0x980E,LSL#16	X7=00000000980E4E09                     	
0000134F	libhello_jni.so:std::string:::17988208825801258123+738	STURB           W2, [X29,#-0x64]	                                        	
0000134F	libhello_jni.so:std::string:::17988208825801258123+73C	B               loc_73A6951154  	                                        	
0000134F	libhello_jni.so:loc_73A6951154	CMP             W7, W22         	C=0 Z=0 N=1                             	
0000134F	libhello_jni.so:std::string:::17988208825801258123+5B4	B.GT            loc_73A6951198  	                                        	
0000134F	libhello_jni.so:std::string:::17988208825801258123+5B8	CMP             W7, W23         	                                        	
0000134F	libhello_jni.so:std::string:::17988208825801258123+5BC	B.LE            loc_73A695120C  	                                        	
0000134F	libhello_jni.so:loc_73A695120C	CMP             W7, W24         	C=1 N=0                                 	
0000134F	libhello_jni.so:std::string:::17988208825801258123+66C	B.LE            loc_73A6951350  	                                        	
0000134F	libhello_jni.so:std::string:::17988208825801258123+670	CMP             W7, W25         	Z=1                                     	
0000134F	libhello_jni.so:std::string:::17988208825801258123+674	B.EQ            loc_73A69513F4  	                                        	
0000134F	libhello_jni.so:loc_73A69513F4	LDR             W2, [X20]       	X2=0000000000000000                     	
0000134F	libhello_jni.so:std::string:::17988208825801258123+854	LDR             W3, [X19]       	X3=0000000000000000                     	
0000134F	libhello_jni.so:std::string:::17988208825801258123+858	MOV             W8, #0xF041     	X8=000000000000F041                     	
0000134F	libhello_jni.so:std::string:::17988208825801258123+85C	MOVK            W8, #0xD335,LSL#16	X8=00000000D335F041                     	
0000134F	libhello_jni.so:std::string:::17988208825801258123+860	CMP             W2, #9          	C=0 Z=0 N=1                             	
0000134F	libhello_jni.so:std::string:::17988208825801258123+864	SUB             W2, W3, #1      	X2=00000000FFFFFFFF                     	
0000134F	libhello_jni.so:std::string:::17988208825801258123+868	ORN             W7, W8, W8      	X7=00000000FFFFFFFF                     	
0000134F	libhello_jni.so:std::string:::17988208825801258123+86C	MADD            W2, W2, W3, WZR 	X2=0000000000000000                     	
0000134F	libhello_jni.so:std::string:::17988208825801258123+870	AND             W2, W2, W7      	                                        	
0000134F	libhello_jni.so:std::string:::17988208825801258123+874	CSET            W3, GT          	                                        	
0000134F	libhello_jni.so:std::string:::17988208825801258123+878	AND             W2, W2, #1      	                                        	
0000134F	libhello_jni.so:std::string:::17988208825801258123+87C	EOR             W7, W3, W2      	X7=0000000000000000                     	
0000134F	libhello_jni.so:std::string:::17988208825801258123+880	ORR             W2, W3, W2      	                                        	
0000134F	libhello_jni.so:std::string:::17988208825801258123+884	EOR             W2, W2, #1      	X2=0000000000000001                     	
0000134F	libhello_jni.so:std::string:::17988208825801258123+888	ORR             W2, W7, W2      	                                        	
0000134F	libhello_jni.so:std::string:::17988208825801258123+88C	CMP             W2, #0          	C=1 N=0                                 	
0000134F	libhello_jni.so:std::string:::17988208825801258123+890	CSEL            W7, W6, W4, NE  	X7=000000005B3AB7B8                     	
0000134F	libhello_jni.so:std::string:::17988208825801258123+894	B               loc_73A6951154  	                                        	
0000134F	libhello_jni.so:loc_73A6951154	CMP             W7, W22         	C=0                                     	
0000134F	libhello_jni.so:std::string:::17988208825801258123+5B4	B.GT            loc_73A6951198  	                                        	
0000134F	libhello_jni.so:loc_73A6951198	CMP             W7, W13         	C=1                                     	
0000134F	libhello_jni.so:std::string:::17988208825801258123+5F8	B.GT            loc_73A69511D8  	                                        	
0000134F	libhello_jni.so:loc_73A69511D8	CMP             W7, W0          	                                        	
0000134F	libhello_jni.so:std::string:::17988208825801258123+638	B.LE            loc_73A69512E4  	                                        	
0000134F	libhello_jni.so:std::string:::17988208825801258123+63C	CMP             W7, W21         	                                        	
0000134F	libhello_jni.so:std::string:::17988208825801258123+640	B.EQ            loc_73A695139C  	                                        	
0000134F	libhello_jni.so:std::string:::17988208825801258123+644	CMP             W7, W6          	Z=1                                     	
0000134F	libhello_jni.so:std::string:::17988208825801258123+648	B.EQ            loc_73A6951470  	                                        	
0000134F	libhello_jni.so:loc_73A6951470	LDURB           W2, [X29,#-0x64]	X2=0000000000000039                     	
0000134F	libhello_jni.so:std::string:::17988208825801258123+8D0	LDURB           W3, [X29,#-0x68]	X3=00000000000000B8                     	
0000134F	libhello_jni.so:std::string:::17988208825801258123+8D4	LDUR            W7, [X29,#-0x6C]	X7=00000000000000D9                     	
0000134F	libhello_jni.so:std::string:::17988208825801258123+8D8	LDUR            W30, [X29,#-0x6C]	X30=00000000000000D9                    	
0000134F	libhello_jni.so:std::string:::17988208825801258123+8DC	LDUR            X8, [X29,#-0x78]	X8=000000000000000A                     	
0000134F	libhello_jni.so:std::string:::17988208825801258123+8E0	BIC             W1, W2, W3      	X1=0000000000000001                     	
0000134F	libhello_jni.so:std::string:::17988208825801258123+8E4	BIC             W3, W3, W2      	X3=0000000000000080                     	
0000134F	libhello_jni.so:std::string:::17988208825801258123+8E8	MOV             X9, X5          	X9=00000073A6FCF920                     	
0000134F	libhello_jni.so:std::string:::17988208825801258123+8EC	BIC             W5, W30, W2     	X5=00000000000000C0                     	
0000134F	libhello_jni.so:std::string:::17988208825801258123+8F0	BIC             W2, W2, W30     	X2=0000000000000020                     	
0000134F	libhello_jni.so:std::string:::17988208825801258123+8F4	ORR             W1, W1, W3      	X1=0000000000000081                     	
0000134F	libhello_jni.so:std::string:::17988208825801258123+8F8	ORR             W2, W5, W2      	X2=00000000000000E0                     	
0000134F	libhello_jni.so:std::string:::17988208825801258123+8FC	ADD             W1, W1, W7      	X1=000000000000015A                     	
0000134F	libhello_jni.so:std::string:::17988208825801258123+900	BIC             W3, W1, W2      	X3=000000000000011A                     	
0000134F	libhello_jni.so:std::string:::17988208825801258123+904	BIC             W1, W2, W1      	X1=00000000000000A0                     	
0000134F	libhello_jni.so:std::string:::17988208825801258123+908	MOV             X5, X9          	X5=00000073A6FCF920                     	
0000134F	libhello_jni.so:std::string:::17988208825801258123+90C	ORR             W1, W3, W1      	X1=00000000000001BA                     	
0000134F	libhello_jni.so:std::string:::17988208825801258123+910	STRB            W1, [X5,X8]     	                                        	
0000134F	libhello_jni.so:std::string:::17988208825801258123+914	LDUR            W8, [X29,#-0x5C]	                                        	
0000134F	libhello_jni.so:std::string:::17988208825801258123+918	LDR             W2, [X19]       	X2=0000000000000000                     	
0000134F	libhello_jni.so:std::string:::17988208825801258123+91C	MOV             W1, #0xBC18     	X1=000000000000BC18                     	
0000134F	libhello_jni.so:std::string:::17988208825801258123+920	MOVK            W1, #0x9609,LSL#16	X1=000000009609BC18                     	
0000134F	libhello_jni.so:std::string:::17988208825801258123+924	ADD             W8, W8, #1      	X8=000000000000000B                     	
0000134F	libhello_jni.so:std::string:::17988208825801258123+928	LDR             W3, [X20]       	X3=0000000000000000                     	
0000134F	libhello_jni.so:std::string:::17988208825801258123+92C	STUR            W8, [X29,#-0x60]	                                        	
0000134F	libhello_jni.so:std::string:::17988208825801258123+930	SUB             W8, W2, #1      	X8=00000000FFFFFFFF                     	
0000134F	libhello_jni.so:std::string:::17988208825801258123+934	ORN             W1, W1, W1      	X1=00000000FFFFFFFF                     	
0000134F	libhello_jni.so:std::string:::17988208825801258123+938	MADD            W8, W8, W2, WZR 	X8=0000000000000000                     	
0000134F	libhello_jni.so:std::string:::17988208825801258123+93C	AND             W8, W8, W1      	                                        	
0000134F	libhello_jni.so:std::string:::17988208825801258123+940	TST             W8, #1          	C=0                                     	
0000134F	libhello_jni.so:std::string:::17988208825801258123+944	CSET            W8, EQ          	X8=0000000000000001                     	
0000134F	libhello_jni.so:std::string:::17988208825801258123+948	CMP             W3, #0xA        	Z=0 N=1                                 	
0000134F	libhello_jni.so:std::string:::17988208825801258123+94C	CSET            W1, LT          	X1=0000000000000001                     	
0000134F	libhello_jni.so:std::string:::17988208825801258123+950	AND             W2, W1, W8      	X2=0000000000000001                     	
0000134F	libhello_jni.so:std::string:::17988208825801258123+954	EOR             W8, W1, W8      	X8=0000000000000000                     	
0000134F	libhello_jni.so:std::string:::17988208825801258123+958	ORR             W8, W2, W8      	X8=0000000000000001                     	
0000134F	libhello_jni.so:std::string:::17988208825801258123+95C	CMP             W8, #0          	C=1 N=0                                 	
0000134F	libhello_jni.so:std::string:::17988208825801258123+960	MOV             W8, #0x53F9     	X8=00000000000053F9                     	
0000134F	libhello_jni.so:std::string:::17988208825801258123+964	MOV             W9, #0x6A86     	X9=0000000000006A86                     	
0000134F	libhello_jni.so:std::string:::17988208825801258123+968	MOV             W1, #0x8ED3     	X1=0000000000008ED3                     	
0000134F	libhello_jni.so:std::string:::17988208825801258123+96C	MOVK            W8, #0x37B5,LSL#16	X8=0000000037B553F9                     	
0000134F	libhello_jni.so:std::string:::17988208825801258123+970	MOVK            W9, #0xF949,LSL#16	X9=00000000F9496A86                     	
0000134F	libhello_jni.so:std::string:::17988208825801258123+974	MOVK            W1, #0x2B5A,LSL#16	X1=000000002B5A8ED3                     	
0000134F	libhello_jni.so:std::string:::17988208825801258123+978	CSEL            W7, W8, W4, NE  	X7=0000000037B553F9                     	
0000134F	libhello_jni.so:std::string:::17988208825801258123+97C	B               loc_73A6951154  	                                        	
0000134F	libhello_jni.so:loc_73A6951154	CMP             W7, W22         	C=0                                     	
0000134F	libhello_jni.so:std::string:::17988208825801258123+5B4	B.GT            loc_73A6951198  	                                        	
0000134F	libhello_jni.so:loc_73A6951198	CMP             W7, W13         	N=1                                     	
0000134F	libhello_jni.so:std::string:::17988208825801258123+5F8	B.GT            loc_73A69511D8  	                                        	
0000134F	libhello_jni.so:std::string:::17988208825801258123+5FC	CMP             W7, W16         	C=1 N=0                                 	
0000134F	libhello_jni.so:std::string:::17988208825801258123+600	B.LE            loc_73A6951264  	                                        	
0000134F	libhello_jni.so:std::string:::17988208825801258123+604	CMP             W7, W11         	                                        	
0000134F	libhello_jni.so:std::string:::17988208825801258123+608	B.EQ            loc_73A695136C  	                                        	
0000134F	libhello_jni.so:std::string:::17988208825801258123+60C	CMP             W7, W1          	                                        	
0000134F	libhello_jni.so:std::string:::17988208825801258123+610	B.EQ            loc_73A6951448  	                                        	
0000134F	libhello_jni.so:std::string:::17988208825801258123+614	MOV             W8, #0x53F9     	X8=00000000000053F9                     	
0000134F	libhello_jni.so:std::string:::17988208825801258123+618	MOVK            W8, #0x37B5,LSL#16	X8=0000000037B553F9                     	
0000134F	libhello_jni.so:std::string:::17988208825801258123+61C	CMP             W7, W8          	Z=1                                     	
0000134F	libhello_jni.so:std::string:::17988208825801258123+620	B.NE            loc_73A6951154  	                                        	
0000134F	libhello_jni.so:std::string:::17988208825801258123+624	LDUR            W26, [X29,#-0x60]	X26=000000000000000B                    	
0000134F	libhello_jni.so:std::string:::17988208825801258123+628	MOV             W7, #0x8ED3     	X7=0000000000008ED3                     	
0000134F	libhello_jni.so:std::string:::17988208825801258123+62C	MOVK            W7, #0x2B5A,LSL#16	X7=000000002B5A8ED3                     	
0000134F	libhello_jni.so:std::string:::17988208825801258123+630	B               loc_73A6951154  	                                        	
0000134F	libhello_jni.so:loc_73A6951154	CMP             W7, W22         	C=0 Z=0                                 	
0000134F	libhello_jni.so:std::string:::17988208825801258123+5B4	B.GT            loc_73A6951198  	                                        	
0000134F	libhello_jni.so:loc_73A6951198	CMP             W7, W13         	N=1                                     	
0000134F	libhello_jni.so:std::string:::17988208825801258123+5F8	B.GT            loc_73A69511D8  	                                        	
0000134F	libhello_jni.so:std::string:::17988208825801258123+5FC	CMP             W7, W16         	C=1 N=0                                 	
0000134F	libhello_jni.so:std::string:::17988208825801258123+600	B.LE            loc_73A6951264  	                                        	
0000134F	libhello_jni.so:std::string:::17988208825801258123+604	CMP             W7, W11         	                                        	
0000134F	libhello_jni.so:std::string:::17988208825801258123+608	B.EQ            loc_73A695136C  	                                        	
0000134F	libhello_jni.so:std::string:::17988208825801258123+60C	CMP             W7, W1          	Z=1                                     	
0000134F	libhello_jni.so:std::string:::17988208825801258123+610	B.EQ            loc_73A6951448  	                                        	
0000134F	libhello_jni.so:loc_73A6951448	STUR            W26, [X29,#-0x5C]	                                        	
0000134F	libhello_jni.so:std::string:::17988208825801258123+8A8	LDURSW          X2, [X29,#-0x5C]	X2=000000000000000B                     	
0000134F	libhello_jni.so:std::string:::17988208825801258123+8AC	STUR            X2, [X29,#-0x78]	                                        	
0000134F	libhello_jni.so:std::string:::17988208825801258123+8B0	LDUR            X2, [X29,#-0x78]	                                        	
0000134F	libhello_jni.so:std::string:::17988208825801258123+8B4	LDUR            X8, [X29,#-0x98]	X8=0000000000000010                     	
0000134F	libhello_jni.so:std::string:::17988208825801258123+8B8	CMP             X2, X8          	C=0 Z=0 N=1                             	
0000134F	libhello_jni.so:std::string:::17988208825801258123+8BC	MOV             W8, #0x25D7     	X8=00000000000025D7                     	
0000134F	libhello_jni.so:std::string:::17988208825801258123+8C0	MOVK            W8, #0x4289,LSL#16	X8=00000000428925D7                     	
0000134F	libhello_jni.so:std::string:::17988208825801258123+8C4	CSEL            W7, W11, W8, CC 	X7=000000001C107584                     	
0000134F	libhello_jni.so:std::string:::17988208825801258123+8C8	B               loc_73A6951154  	                                        	
0000134F	libhello_jni.so:loc_73A6951154	CMP             W7, W22         	N=0                                     	
0000134F	libhello_jni.so:std::string:::17988208825801258123+5B4	B.GT            loc_73A6951198  	                                        	
0000134F	libhello_jni.so:loc_73A6951198	CMP             W7, W13         	N=1                                     	
0000134F	libhello_jni.so:std::string:::17988208825801258123+5F8	B.GT            loc_73A69511D8  	                                        	
0000134F	libhello_jni.so:std::string:::17988208825801258123+5FC	CMP             W7, W16         	C=1 N=0                                 	
0000134F	libhello_jni.so:std::string:::17988208825801258123+600	B.LE            loc_73A6951264  	                                        	
0000134F	libhello_jni.so:std::string:::17988208825801258123+604	CMP             W7, W11         	Z=1                                     	
0000134F	libhello_jni.so:std::string:::17988208825801258123+608	B.EQ            loc_73A695136C  	                                        	
0000134F	libhello_jni.so:loc_73A695136C	LDUR            W2, [X29,#-0x5C]	                                        	
0000134F	libhello_jni.so:std::string:::17988208825801258123+7CC	LDUR            X3, [X29,#-0x88]	X3=0000007FE7462420                     	
0000134F	libhello_jni.so:std::string:::17988208825801258123+7D0	MOV             W8, #0x87B1     	X8=00000000000087B1                     	
0000134F	libhello_jni.so:std::string:::17988208825801258123+7D4	MOVK            W8, #0x786F,LSL#16	X8=00000000786F87B1                     	
0000134F	libhello_jni.so:std::string:::17988208825801258123+7D8	ORN             W7, W8, W8      	X7=00000000FFFFFFFF                     	
0000134F	libhello_jni.so:std::string:::17988208825801258123+7DC	AND             W2, W2, #0xF    	                                        	
0000134F	libhello_jni.so:std::string:::17988208825801258123+7E0	AND             X2, X2, X7      	                                        	
0000134F	libhello_jni.so:std::string:::17988208825801258123+7E4	LDRB            W2, [X3,X2]     	X2=0000000000000088                     	
0000134F	libhello_jni.so:std::string:::17988208825801258123+7E8	MOV             W7, #0xB514     	X7=000000000000B514                     	
0000134F	libhello_jni.so:std::string:::17988208825801258123+7EC	MOVK            W7, #0x1579,LSL#16	X7=000000001579B514                     	
0000134F	libhello_jni.so:std::string:::17988208825801258123+7F0	STURB           W2, [X29,#-0x70]	                                        	
0000134F	libhello_jni.so:std::string:::17988208825801258123+7F4	B               loc_73A6951154  	                                        	
0000134F	libhello_jni.so:loc_73A6951154	CMP             W7, W22         	C=0 Z=0                                 	
0000134F	libhello_jni.so:std::string:::17988208825801258123+5B4	B.GT            loc_73A6951198  	                                        	
0000134F	libhello_jni.so:loc_73A6951198	CMP             W7, W13         	N=1                                     	
0000134F	libhello_jni.so:std::string:::17988208825801258123+5F8	B.GT            loc_73A69511D8  	                                        	
0000134F	libhello_jni.so:std::string:::17988208825801258123+5FC	CMP             W7, W16         	                                        	
0000134F	libhello_jni.so:std::string:::17988208825801258123+600	B.LE            loc_73A6951264  	                                        	
0000134F	libhello_jni.so:loc_73A6951264	CMP             W7, W9          	N=0                                     	
0000134F	libhello_jni.so:std::string:::17988208825801258123+6C4	B.EQ            loc_73A69515B0  	                                        	
0000134F	libhello_jni.so:std::string:::17988208825801258123+6C8	MOV             W8, #0xB514     	X8=000000000000B514                     	
0000134F	libhello_jni.so:std::string:::17988208825801258123+6CC	MOVK            W8, #0x1579,LSL#16	X8=000000001579B514                     	
0000134F	libhello_jni.so:std::string:::17988208825801258123+6D0	CMP             W7, W8          	C=1 Z=1                                 	
0000134F	libhello_jni.so:std::string:::17988208825801258123+6D4	B.NE            loc_73A6951154  	                                        	
0000134F	libhello_jni.so:std::string:::17988208825801258123+6D8	LDUR            X2, [X29,#-0x78]	X2=000000000000000B                     	
0000134F	libhello_jni.so:std::string:::17988208825801258123+6DC	LDUR            X8, [X29,#-0xA0]	X8=00000074396C5200                     	
0000134F	libhello_jni.so:std::string:::17988208825801258123+6E0	MOV             W30, #0x25      	X30=0000000000000025                    	
0000134F	libhello_jni.so:std::string:::17988208825801258123+6E4	LDRB            W2, [X8,X2]     	X2=0000000000000062                     	
0000134F	libhello_jni.so:std::string:::17988208825801258123+6E8	LDURB           W3, [X29,#-0x70]	X3=0000000000000088                     	
0000134F	libhello_jni.so:std::string:::17988208825801258123+6EC	MOV             W8, #0xDA       	X8=00000000000000DA                     	
0000134F	libhello_jni.so:std::string:::17988208825801258123+6F0	BIC             W7, W8, W2      	X7=0000000000000098                     	
0000134F	libhello_jni.so:std::string:::17988208825801258123+6F4	STUR            W3, [X29,#-0x6C]	                                        	
0000134F	libhello_jni.so:std::string:::17988208825801258123+6F8	LDUR            W3, [X29,#-0x6C]	                                        	
0000134F	libhello_jni.so:std::string:::17988208825801258123+6FC	AND             W2, W2, W30     	X2=0000000000000020                     	
0000134F	libhello_jni.so:std::string:::17988208825801258123+700	ORR             W2, W7, W2      	X2=00000000000000B8                     	
0000134F	libhello_jni.so:std::string:::17988208825801258123+704	BIC             W7, W8, W3      	X7=0000000000000052                     	
0000134F	libhello_jni.so:std::string:::17988208825801258123+708	AND             W3, W3, W30     	X3=0000000000000000                     	
0000134F	libhello_jni.so:std::string:::17988208825801258123+70C	ORR             W3, W7, W3      	X3=0000000000000052                     	
0000134F	libhello_jni.so:std::string:::17988208825801258123+710	EOR             W2, W2, W3      	X2=00000000000000EA                     	
0000134F	libhello_jni.so:std::string:::17988208825801258123+714	STURB           W2, [X29,#-0x68]	                                        	
0000134F	libhello_jni.so:std::string:::17988208825801258123+718	LDUR            W2, [X29,#-0x5C]	X2=000000000000000B                     	
0000134F	libhello_jni.so:std::string:::17988208825801258123+71C	ADRP            X8, #a9d9107e02f0f07@PAGE; \"9d9107e02f0f07984956767ab1ac87e5\"	X8=00000073A697B000                     	
0000134F	libhello_jni.so:std::string:::17988208825801258123+720	ADD             X8, X8, #a9d9107e02f0f07@PAGEOFF; \"9d9107e02f0f07984956767ab1ac87e5\"	X8=00000073A697B1A0                     	
0000134F	libhello_jni.so:std::string:::17988208825801258123+724	MOV             W7, #0x4E09     	X7=0000000000004E09                     	
0000134F	libhello_jni.so:std::string:::17988208825801258123+728	EOR             W3, W2, #0xFFFFFFF8	X3=00000000FFFFFFF3                     	
0000134F	libhello_jni.so:std::string:::17988208825801258123+72C	AND             X2, X3, X2      	X2=0000000000000003                     	
0000134F	libhello_jni.so:std::string:::17988208825801258123+730	LDRB            W2, [X8,X2]     	X2=0000000000000031                     	
0000134F	libhello_jni.so:std::string:::17988208825801258123+734	MOVK            W7, #0x980E,LSL#16	X7=00000000980E4E09                     	
0000134F	libhello_jni.so:std::string:::17988208825801258123+738	STURB           W2, [X29,#-0x64]	                                        	
0000134F	libhello_jni.so:std::string:::17988208825801258123+73C	B               loc_73A6951154  	                                        	
0000134F	libhello_jni.so:loc_73A6951154	CMP             W7, W22         	C=0 Z=0 N=1                             	
0000134F	libhello_jni.so:std::string:::17988208825801258123+5B4	B.GT            loc_73A6951198  	                                        	
0000134F	libhello_jni.so:std::string:::17988208825801258123+5B8	CMP             W7, W23         	                                        	
0000134F	libhello_jni.so:std::string:::17988208825801258123+5BC	B.LE            loc_73A695120C  	                                        	
0000134F	libhello_jni.so:loc_73A695120C	CMP             W7, W24         	C=1 N=0                                 	
0000134F	libhello_jni.so:std::string:::17988208825801258123+66C	B.LE            loc_73A6951350  	                                        	
0000134F	libhello_jni.so:std::string:::17988208825801258123+670	CMP             W7, W25         	Z=1                                     	
0000134F	libhello_jni.so:std::string:::17988208825801258123+674	B.EQ            loc_73A69513F4  	                                        	
0000134F	libhello_jni.so:loc_73A69513F4	LDR             W2, [X20]       	X2=0000000000000000                     	
0000134F	libhello_jni.so:std::string:::17988208825801258123+854	LDR             W3, [X19]       	X3=0000000000000000                     	
0000134F	libhello_jni.so:std::string:::17988208825801258123+858	MOV             W8, #0xF041     	X8=000000000000F041                     	
0000134F	libhello_jni.so:std::string:::17988208825801258123+85C	MOVK            W8, #0xD335,LSL#16	X8=00000000D335F041                     	
0000134F	libhello_jni.so:std::string:::17988208825801258123+860	CMP             W2, #9          	C=0 Z=0 N=1                             	
0000134F	libhello_jni.so:std::string:::17988208825801258123+864	SUB             W2, W3, #1      	X2=00000000FFFFFFFF                     	
0000134F	libhello_jni.so:std::string:::17988208825801258123+868	ORN             W7, W8, W8      	X7=00000000FFFFFFFF                     	
0000134F	libhello_jni.so:std::string:::17988208825801258123+86C	MADD            W2, W2, W3, WZR 	X2=0000000000000000                     	
0000134F	libhello_jni.so:std::string:::17988208825801258123+870	AND             W2, W2, W7      	                                        	
0000134F	libhello_jni.so:std::string:::17988208825801258123+874	CSET            W3, GT          	                                        	
0000134F	libhello_jni.so:std::string:::17988208825801258123+878	AND             W2, W2, #1      	                                        	
0000134F	libhello_jni.so:std::string:::17988208825801258123+87C	EOR             W7, W3, W2      	X7=0000000000000000                     	
0000134F	libhello_jni.so:std::string:::17988208825801258123+880	ORR             W2, W3, W2      	                                        	
0000134F	libhello_jni.so:std::string:::17988208825801258123+884	EOR             W2, W2, #1      	X2=0000000000000001                     	
0000134F	libhello_jni.so:std::string:::17988208825801258123+888	ORR             W2, W7, W2      	                                        	
0000134F	libhello_jni.so:std::string:::17988208825801258123+88C	CMP             W2, #0          	C=1 N=0                                 	
0000134F	libhello_jni.so:std::string:::17988208825801258123+890	CSEL            W7, W6, W4, NE  	X7=000000005B3AB7B8                     	
0000134F	libhello_jni.so:std::string:::17988208825801258123+894	B               loc_73A6951154  	                                        	
0000134F	libhello_jni.so:loc_73A6951154	CMP             W7, W22         	C=0                                     	
0000134F	libhello_jni.so:std::string:::17988208825801258123+5B4	B.GT            loc_73A6951198  	                                        	
0000134F	libhello_jni.so:loc_73A6951198	CMP             W7, W13         	C=1                                     	
0000134F	libhello_jni.so:std::string:::17988208825801258123+5F8	B.GT            loc_73A69511D8  	                                        	
0000134F	libhello_jni.so:loc_73A69511D8	CMP             W7, W0          	                                        	
0000134F	libhello_jni.so:std::string:::17988208825801258123+638	B.LE            loc_73A69512E4  	                                        	
0000134F	libhello_jni.so:std::string:::17988208825801258123+63C	CMP             W7, W21         	                                        	
0000134F	libhello_jni.so:std::string:::17988208825801258123+640	B.EQ            loc_73A695139C  	                                        	
0000134F	libhello_jni.so:std::string:::17988208825801258123+644	CMP             W7, W6          	Z=1                                     	
0000134F	libhello_jni.so:std::string:::17988208825801258123+648	B.EQ            loc_73A6951470  	                                        	
0000134F	libhello_jni.so:loc_73A6951470	LDURB           W2, [X29,#-0x64]	X2=0000000000000031                     	
0000134F	libhello_jni.so:std::string:::17988208825801258123+8D0	LDURB           W3, [X29,#-0x68]	X3=00000000000000EA                     	
0000134F	libhello_jni.so:std::string:::17988208825801258123+8D4	LDUR            W7, [X29,#-0x6C]	X7=0000000000000088                     	
0000134F	libhello_jni.so:std::string:::17988208825801258123+8D8	LDUR            W30, [X29,#-0x6C]	X30=0000000000000088                    	
0000134F	libhello_jni.so:std::string:::17988208825801258123+8DC	LDUR            X8, [X29,#-0x78]	X8=000000000000000B                     	
0000134F	libhello_jni.so:std::string:::17988208825801258123+8E0	BIC             W1, W2, W3      	X1=0000000000000011                     	
0000134F	libhello_jni.so:std::string:::17988208825801258123+8E4	BIC             W3, W3, W2      	X3=00000000000000CA                     	
0000134F	libhello_jni.so:std::string:::17988208825801258123+8E8	MOV             X9, X5          	X9=00000073A6FCF920                     	
0000134F	libhello_jni.so:std::string:::17988208825801258123+8EC	BIC             W5, W30, W2     	X5=0000000000000088                     	
0000134F	libhello_jni.so:std::string:::17988208825801258123+8F0	BIC             W2, W2, W30     	                                        	
0000134F	libhello_jni.so:std::string:::17988208825801258123+8F4	ORR             W1, W1, W3      	X1=00000000000000DB                     	
0000134F	libhello_jni.so:std::string:::17988208825801258123+8F8	ORR             W2, W5, W2      	X2=00000000000000B9                     	
0000134F	libhello_jni.so:std::string:::17988208825801258123+8FC	ADD             W1, W1, W7      	X1=0000000000000163                     	
0000134F	libhello_jni.so:std::string:::17988208825801258123+900	BIC             W3, W1, W2      	X3=0000000000000142                     	
0000134F	libhello_jni.so:std::string:::17988208825801258123+904	BIC             W1, W2, W1      	X1=0000000000000098                     	
0000134F	libhello_jni.so:std::string:::17988208825801258123+908	MOV             X5, X9          	X5=00000073A6FCF920                     	
0000134F	libhello_jni.so:std::string:::17988208825801258123+90C	ORR             W1, W3, W1      	X1=00000000000001DA                     	
0000134F	libhello_jni.so:std::string:::17988208825801258123+910	STRB            W1, [X5,X8]     	                                        	
0000134F	libhello_jni.so:std::string:::17988208825801258123+914	LDUR            W8, [X29,#-0x5C]	                                        	
0000134F	libhello_jni.so:std::string:::17988208825801258123+918	LDR             W2, [X19]       	X2=0000000000000000                     	
0000134F	libhello_jni.so:std::string:::17988208825801258123+91C	MOV             W1, #0xBC18     	X1=000000000000BC18                     	
0000134F	libhello_jni.so:std::string:::17988208825801258123+920	MOVK            W1, #0x9609,LSL#16	X1=000000009609BC18                     	
0000134F	libhello_jni.so:std::string:::17988208825801258123+924	ADD             W8, W8, #1      	X8=000000000000000C                     	
0000134F	libhello_jni.so:std::string:::17988208825801258123+928	LDR             W3, [X20]       	X3=0000000000000000                     	
0000134F	libhello_jni.so:std::string:::17988208825801258123+92C	STUR            W8, [X29,#-0x60]	                                        	
0000134F	libhello_jni.so:std::string:::17988208825801258123+930	SUB             W8, W2, #1      	X8=00000000FFFFFFFF                     	
0000134F	libhello_jni.so:std::string:::17988208825801258123+934	ORN             W1, W1, W1      	X1=00000000FFFFFFFF                     	
0000134F	libhello_jni.so:std::string:::17988208825801258123+938	MADD            W8, W8, W2, WZR 	X8=0000000000000000                     	
0000134F	libhello_jni.so:std::string:::17988208825801258123+93C	AND             W8, W8, W1      	                                        	
0000134F	libhello_jni.so:std::string:::17988208825801258123+940	TST             W8, #1          	C=0                                     	
0000134F	libhello_jni.so:std::string:::17988208825801258123+944	CSET            W8, EQ          	X8=0000000000000001                     	
0000134F	libhello_jni.so:std::string:::17988208825801258123+948	CMP             W3, #0xA        	Z=0 N=1                                 	
0000134F	libhello_jni.so:std::string:::17988208825801258123+94C	CSET            W1, LT          	X1=0000000000000001                     	
0000134F	libhello_jni.so:std::string:::17988208825801258123+950	AND             W2, W1, W8      	X2=0000000000000001                     	
0000134F	libhello_jni.so:std::string:::17988208825801258123+954	EOR             W8, W1, W8      	X8=0000000000000000                     	
0000134F	libhello_jni.so:std::string:::17988208825801258123+958	ORR             W8, W2, W8      	X8=0000000000000001                     	
0000134F	libhello_jni.so:std::string:::17988208825801258123+95C	CMP             W8, #0          	C=1 N=0                                 	
0000134F	libhello_jni.so:std::string:::17988208825801258123+960	MOV             W8, #0x53F9     	X8=00000000000053F9                     	
0000134F	libhello_jni.so:std::string:::17988208825801258123+964	MOV             W9, #0x6A86     	X9=0000000000006A86                     	
0000134F	libhello_jni.so:std::string:::17988208825801258123+968	MOV             W1, #0x8ED3     	X1=0000000000008ED3                     	
0000134F	libhello_jni.so:std::string:::17988208825801258123+96C	MOVK            W8, #0x37B5,LSL#16	X8=0000000037B553F9                     	
0000134F	libhello_jni.so:std::string:::17988208825801258123+970	MOVK            W9, #0xF949,LSL#16	X9=00000000F9496A86                     	
0000134F	libhello_jni.so:std::string:::17988208825801258123+974	MOVK            W1, #0x2B5A,LSL#16	X1=000000002B5A8ED3                     	
0000134F	libhello_jni.so:std::string:::17988208825801258123+978	CSEL            W7, W8, W4, NE  	X7=0000000037B553F9                     	
0000134F	libhello_jni.so:std::string:::17988208825801258123+97C	B               loc_73A6951154  	                                        	
0000134F	libhello_jni.so:loc_73A6951154	CMP             W7, W22         	C=0                                     	
0000134F	libhello_jni.so:std::string:::17988208825801258123+5B4	B.GT            loc_73A6951198  	                                        	
0000134F	libhello_jni.so:loc_73A6951198	CMP             W7, W13         	N=1                                     	
0000134F	libhello_jni.so:std::string:::17988208825801258123+5F8	B.GT            loc_73A69511D8  	                                        	
0000134F	libhello_jni.so:std::string:::17988208825801258123+5FC	CMP             W7, W16         	C=1 N=0                                 	
0000134F	libhello_jni.so:std::string:::17988208825801258123+600	B.LE            loc_73A6951264  	                                        	
0000134F	libhello_jni.so:std::string:::17988208825801258123+604	CMP             W7, W11         	                                        	
0000134F	libhello_jni.so:std::string:::17988208825801258123+608	B.EQ            loc_73A695136C  	                                        	
0000134F	libhello_jni.so:std::string:::17988208825801258123+60C	CMP             W7, W1          	                                        	
0000134F	libhello_jni.so:std::string:::17988208825801258123+610	B.EQ            loc_73A6951448  	                                        	
0000134F	libhello_jni.so:std::string:::17988208825801258123+614	MOV             W8, #0x53F9     	X8=00000000000053F9                     	
0000134F	libhello_jni.so:std::string:::17988208825801258123+618	MOVK            W8, #0x37B5,LSL#16	X8=0000000037B553F9                     	
0000134F	libhello_jni.so:std::string:::17988208825801258123+61C	CMP             W7, W8          	Z=1                                     	
0000134F	libhello_jni.so:std::string:::17988208825801258123+620	B.NE            loc_73A6951154  	                                        	
0000134F	libhello_jni.so:std::string:::17988208825801258123+624	LDUR            W26, [X29,#-0x60]	X26=000000000000000C                    	
0000134F	libhello_jni.so:std::string:::17988208825801258123+628	MOV             W7, #0x8ED3     	X7=0000000000008ED3                     	
0000134F	libhello_jni.so:std::string:::17988208825801258123+62C	MOVK            W7, #0x2B5A,LSL#16	X7=000000002B5A8ED3                     	
0000134F	libhello_jni.so:std::string:::17988208825801258123+630	B               loc_73A6951154  	                                        	
0000134F	libhello_jni.so:loc_73A6951154	CMP             W7, W22         	C=0 Z=0                                 	
0000134F	libhello_jni.so:std::string:::17988208825801258123+5B4	B.GT            loc_73A6951198  	                                        	
0000134F	libhello_jni.so:loc_73A6951198	CMP             W7, W13         	N=1                                     	
0000134F	libhello_jni.so:std::string:::17988208825801258123+5F8	B.GT            loc_73A69511D8  	                                        	
0000134F	libhello_jni.so:std::string:::17988208825801258123+5FC	CMP             W7, W16         	C=1 N=0                                 	
0000134F	libhello_jni.so:std::string:::17988208825801258123+600	B.LE            loc_73A6951264  	                                        	
0000134F	libhello_jni.so:std::string:::17988208825801258123+604	CMP             W7, W11         	                                        	
0000134F	libhello_jni.so:std::string:::17988208825801258123+608	B.EQ            loc_73A695136C  	                                        	
0000134F	libhello_jni.so:std::string:::17988208825801258123+60C	CMP             W7, W1          	Z=1                                     	
0000134F	libhello_jni.so:std::string:::17988208825801258123+610	B.EQ            loc_73A6951448  	                                        	
0000134F	libhello_jni.so:loc_73A6951448	STUR            W26, [X29,#-0x5C]	                                        	
0000134F	libhello_jni.so:std::string:::17988208825801258123+8A8	LDURSW          X2, [X29,#-0x5C]	X2=000000000000000C                     	
0000134F	libhello_jni.so:std::string:::17988208825801258123+8AC	STUR            X2, [X29,#-0x78]	                                        	
0000134F	libhello_jni.so:std::string:::17988208825801258123+8B0	LDUR            X2, [X29,#-0x78]	                                        	
0000134F	libhello_jni.so:std::string:::17988208825801258123+8B4	LDUR            X8, [X29,#-0x98]	X8=0000000000000010                     	
0000134F	libhello_jni.so:std::string:::17988208825801258123+8B8	CMP             X2, X8          	C=0 Z=0 N=1                             	
0000134F	libhello_jni.so:std::string:::17988208825801258123+8BC	MOV             W8, #0x25D7     	X8=00000000000025D7                     	
0000134F	libhello_jni.so:std::string:::17988208825801258123+8C0	MOVK            W8, #0x4289,LSL#16	X8=00000000428925D7                     	
0000134F	libhello_jni.so:std::string:::17988208825801258123+8C4	CSEL            W7, W11, W8, CC 	X7=000000001C107584                     	
0000134F	libhello_jni.so:std::string:::17988208825801258123+8C8	B               loc_73A6951154  	                                        	
0000134F	libhello_jni.so:loc_73A6951154	CMP             W7, W22         	N=0                                     	
0000134F	libhello_jni.so:std::string:::17988208825801258123+5B4	B.GT            loc_73A6951198  	                                        	
0000134F	libhello_jni.so:loc_73A6951198	CMP             W7, W13         	N=1                                     	
0000134F	libhello_jni.so:std::string:::17988208825801258123+5F8	B.GT            loc_73A69511D8  	                                        	
0000134F	libhello_jni.so:std::string:::17988208825801258123+5FC	CMP             W7, W16         	C=1 N=0                                 	
0000134F	libhello_jni.so:std::string:::17988208825801258123+600	B.LE            loc_73A6951264  	                                        	
0000134F	libhello_jni.so:std::string:::17988208825801258123+604	CMP             W7, W11         	Z=1                                     	
0000134F	libhello_jni.so:std::string:::17988208825801258123+608	B.EQ            loc_73A695136C  	                                        	
0000134F	libhello_jni.so:loc_73A695136C	LDUR            W2, [X29,#-0x5C]	                                        	
0000134F	libhello_jni.so:std::string:::17988208825801258123+7CC	LDUR            X3, [X29,#-0x88]	X3=0000007FE7462420                     	
0000134F	libhello_jni.so:std::string:::17988208825801258123+7D0	MOV             W8, #0x87B1     	X8=00000000000087B1                     	
0000134F	libhello_jni.so:std::string:::17988208825801258123+7D4	MOVK            W8, #0x786F,LSL#16	X8=00000000786F87B1                     	
0000134F	libhello_jni.so:std::string:::17988208825801258123+7D8	ORN             W7, W8, W8      	X7=00000000FFFFFFFF                     	
0000134F	libhello_jni.so:std::string:::17988208825801258123+7DC	AND             W2, W2, #0xF    	                                        	
0000134F	libhello_jni.so:std::string:::17988208825801258123+7E0	AND             X2, X2, X7      	                                        	
0000134F	libhello_jni.so:std::string:::17988208825801258123+7E4	LDRB            W2, [X3,X2]     	X2=00000000000000EE                     	
0000134F	libhello_jni.so:std::string:::17988208825801258123+7E8	MOV             W7, #0xB514     	X7=000000000000B514                     	
0000134F	libhello_jni.so:std::string:::17988208825801258123+7EC	MOVK            W7, #0x1579,LSL#16	X7=000000001579B514                     	
0000134F	libhello_jni.so:std::string:::17988208825801258123+7F0	STURB           W2, [X29,#-0x70]	                                        	
0000134F	libhello_jni.so:std::string:::17988208825801258123+7F4	B               loc_73A6951154  	                                        	
0000134F	libhello_jni.so:loc_73A6951154	CMP             W7, W22         	C=0 Z=0                                 	
0000134F	libhello_jni.so:std::string:::17988208825801258123+5B4	B.GT            loc_73A6951198  	                                        	
0000134F	libhello_jni.so:loc_73A6951198	CMP             W7, W13         	N=1                                     	
0000134F	libhello_jni.so:std::string:::17988208825801258123+5F8	B.GT            loc_73A69511D8  	                                        	
0000134F	libhello_jni.so:std::string:::17988208825801258123+5FC	CMP             W7, W16         	                                        	
0000134F	libhello_jni.so:std::string:::17988208825801258123+600	B.LE            loc_73A6951264  	                                        	
0000134F	libhello_jni.so:loc_73A6951264	CMP             W7, W9          	N=0                                     	
0000134F	libhello_jni.so:std::string:::17988208825801258123+6C4	B.EQ            loc_73A69515B0  	                                        	
0000134F	libhello_jni.so:std::string:::17988208825801258123+6C8	MOV             W8, #0xB514     	X8=000000000000B514                     	
0000134F	libhello_jni.so:std::string:::17988208825801258123+6CC	MOVK            W8, #0x1579,LSL#16	X8=000000001579B514                     	
0000134F	libhello_jni.so:std::string:::17988208825801258123+6D0	CMP             W7, W8          	C=1 Z=1                                 	
0000134F	libhello_jni.so:std::string:::17988208825801258123+6D4	B.NE            loc_73A6951154  	                                        	
0000134F	libhello_jni.so:std::string:::17988208825801258123+6D8	LDUR            X2, [X29,#-0x78]	X2=000000000000000C                     	
0000134F	libhello_jni.so:std::string:::17988208825801258123+6DC	LDUR            X8, [X29,#-0xA0]	X8=00000074396C5200                     	
0000134F	libhello_jni.so:std::string:::17988208825801258123+6E0	MOV             W30, #0x25      	X30=0000000000000025                    	
0000134F	libhello_jni.so:std::string:::17988208825801258123+6E4	LDRB            W2, [X8,X2]     	X2=0000000000000063                     	
0000134F	libhello_jni.so:std::string:::17988208825801258123+6E8	LDURB           W3, [X29,#-0x70]	X3=00000000000000EE                     	
0000134F	libhello_jni.so:std::string:::17988208825801258123+6EC	MOV             W8, #0xDA       	X8=00000000000000DA                     	
0000134F	libhello_jni.so:std::string:::17988208825801258123+6F0	BIC             W7, W8, W2      	X7=0000000000000098                     	
0000134F	libhello_jni.so:std::string:::17988208825801258123+6F4	STUR            W3, [X29,#-0x6C]	                                        	
0000134F	libhello_jni.so:std::string:::17988208825801258123+6F8	LDUR            W3, [X29,#-0x6C]	                                        	
0000134F	libhello_jni.so:std::string:::17988208825801258123+6FC	AND             W2, W2, W30     	X2=0000000000000021                     	
0000134F	libhello_jni.so:std::string:::17988208825801258123+700	ORR             W2, W7, W2      	X2=00000000000000B9                     	
0000134F	libhello_jni.so:std::string:::17988208825801258123+704	BIC             W7, W8, W3      	X7=0000000000000010                     	
0000134F	libhello_jni.so:std::string:::17988208825801258123+708	AND             W3, W3, W30     	X3=0000000000000024                     	
0000134F	libhello_jni.so:std::string:::17988208825801258123+70C	ORR             W3, W7, W3      	X3=0000000000000034                     	
0000134F	libhello_jni.so:std::string:::17988208825801258123+710	EOR             W2, W2, W3      	X2=000000000000008D                     	
0000134F	libhello_jni.so:std::string:::17988208825801258123+714	STURB           W2, [X29,#-0x68]	                                        	
0000134F	libhello_jni.so:std::string:::17988208825801258123+718	LDUR            W2, [X29,#-0x5C]	X2=000000000000000C                     	
0000134F	libhello_jni.so:std::string:::17988208825801258123+71C	ADRP            X8, #a9d9107e02f0f07@PAGE; \"9d9107e02f0f07984956767ab1ac87e5\"	X8=00000073A697B000                     	
0000134F	libhello_jni.so:std::string:::17988208825801258123+720	ADD             X8, X8, #a9d9107e02f0f07@PAGEOFF; \"9d9107e02f0f07984956767ab1ac87e5\"	X8=00000073A697B1A0                     	
0000134F	libhello_jni.so:std::string:::17988208825801258123+724	MOV             W7, #0x4E09     	X7=0000000000004E09                     	
0000134F	libhello_jni.so:std::string:::17988208825801258123+728	EOR             W3, W2, #0xFFFFFFF8	X3=00000000FFFFFFF4                     	
0000134F	libhello_jni.so:std::string:::17988208825801258123+72C	AND             X2, X3, X2      	X2=0000000000000004                     	
0000134F	libhello_jni.so:std::string:::17988208825801258123+730	LDRB            W2, [X8,X2]     	X2=0000000000000030                     	
0000134F	libhello_jni.so:std::string:::17988208825801258123+734	MOVK            W7, #0x980E,LSL#16	X7=00000000980E4E09                     	
0000134F	libhello_jni.so:std::string:::17988208825801258123+738	STURB           W2, [X29,#-0x64]	                                        	
0000134F	libhello_jni.so:std::string:::17988208825801258123+73C	B               loc_73A6951154  	                                        	
0000134F	libhello_jni.so:loc_73A6951154	CMP             W7, W22         	C=0 Z=0 N=1                             	
0000134F	libhello_jni.so:std::string:::17988208825801258123+5B4	B.GT            loc_73A6951198  	                                        	
0000134F	libhello_jni.so:std::string:::17988208825801258123+5B8	CMP             W7, W23         	                                        	
0000134F	libhello_jni.so:std::string:::17988208825801258123+5BC	B.LE            loc_73A695120C  	                                        	
0000134F	libhello_jni.so:loc_73A695120C	CMP             W7, W24         	C=1 N=0                                 	
0000134F	libhello_jni.so:std::string:::17988208825801258123+66C	B.LE            loc_73A6951350  	                                        	
0000134F	libhello_jni.so:std::string:::17988208825801258123+670	CMP             W7, W25         	Z=1                                     	
0000134F	libhello_jni.so:std::string:::17988208825801258123+674	B.EQ            loc_73A69513F4  	                                        	
0000134F	libhello_jni.so:loc_73A69513F4	LDR             W2, [X20]       	X2=0000000000000000                     	
0000134F	libhello_jni.so:std::string:::17988208825801258123+854	LDR             W3, [X19]       	X3=0000000000000000                     	
0000134F	libhello_jni.so:std::string:::17988208825801258123+858	MOV             W8, #0xF041     	X8=000000000000F041                     	
0000134F	libhello_jni.so:std::string:::17988208825801258123+85C	MOVK            W8, #0xD335,LSL#16	X8=00000000D335F041                     	
0000134F	libhello_jni.so:std::string:::17988208825801258123+860	CMP             W2, #9          	C=0 Z=0 N=1                             	
0000134F	libhello_jni.so:std::string:::17988208825801258123+864	SUB             W2, W3, #1      	X2=00000000FFFFFFFF                     	
0000134F	libhello_jni.so:std::string:::17988208825801258123+868	ORN             W7, W8, W8      	X7=00000000FFFFFFFF                     	
0000134F	libhello_jni.so:std::string:::17988208825801258123+86C	MADD            W2, W2, W3, WZR 	X2=0000000000000000                     	
0000134F	libhello_jni.so:std::string:::17988208825801258123+870	AND             W2, W2, W7      	                                        	
0000134F	libhello_jni.so:std::string:::17988208825801258123+874	CSET            W3, GT          	                                        	
0000134F	libhello_jni.so:std::string:::17988208825801258123+878	AND             W2, W2, #1      	                                        	
0000134F	libhello_jni.so:std::string:::17988208825801258123+87C	EOR             W7, W3, W2      	X7=0000000000000000                     	
0000134F	libhello_jni.so:std::string:::17988208825801258123+880	ORR             W2, W3, W2      	                                        	
0000134F	libhello_jni.so:std::string:::17988208825801258123+884	EOR             W2, W2, #1      	X2=0000000000000001                     	
0000134F	libhello_jni.so:std::string:::17988208825801258123+888	ORR             W2, W7, W2      	                                        	
0000134F	libhello_jni.so:std::string:::17988208825801258123+88C	CMP             W2, #0          	C=1 N=0                                 	
0000134F	libhello_jni.so:std::string:::17988208825801258123+890	CSEL            W7, W6, W4, NE  	X7=000000005B3AB7B8                     	
0000134F	libhello_jni.so:std::string:::17988208825801258123+894	B               loc_73A6951154  	                                        	
0000134F	libhello_jni.so:loc_73A6951154	CMP             W7, W22         	C=0                                     	
0000134F	libhello_jni.so:std::string:::17988208825801258123+5B4	B.GT            loc_73A6951198  	                                        	
0000134F	libhello_jni.so:loc_73A6951198	CMP             W7, W13         	C=1                                     	
0000134F	libhello_jni.so:std::string:::17988208825801258123+5F8	B.GT            loc_73A69511D8  	                                        	
0000134F	libhello_jni.so:loc_73A69511D8	CMP             W7, W0          	                                        	
0000134F	libhello_jni.so:std::string:::17988208825801258123+638	B.LE            loc_73A69512E4  	                                        	
0000134F	libhello_jni.so:std::string:::17988208825801258123+63C	CMP             W7, W21         	                                        	
0000134F	libhello_jni.so:std::string:::17988208825801258123+640	B.EQ            loc_73A695139C  	                                        	
0000134F	libhello_jni.so:std::string:::17988208825801258123+644	CMP             W7, W6          	Z=1                                     	
0000134F	libhello_jni.so:std::string:::17988208825801258123+648	B.EQ            loc_73A6951470  	                                        	
0000134F	libhello_jni.so:loc_73A6951470	LDURB           W2, [X29,#-0x64]	X2=0000000000000030                     	
0000134F	libhello_jni.so:std::string:::17988208825801258123+8D0	LDURB           W3, [X29,#-0x68]	X3=000000000000008D                     	
0000134F	libhello_jni.so:std::string:::17988208825801258123+8D4	LDUR            W7, [X29,#-0x6C]	X7=00000000000000EE                     	
0000134F	libhello_jni.so:std::string:::17988208825801258123+8D8	LDUR            W30, [X29,#-0x6C]	X30=00000000000000EE                    	
0000134F	libhello_jni.so:std::string:::17988208825801258123+8DC	LDUR            X8, [X29,#-0x78]	X8=000000000000000C                     	
0000134F	libhello_jni.so:std::string:::17988208825801258123+8E0	BIC             W1, W2, W3      	X1=0000000000000030                     	
0000134F	libhello_jni.so:std::string:::17988208825801258123+8E4	BIC             W3, W3, W2      	                                        	
0000134F	libhello_jni.so:std::string:::17988208825801258123+8E8	MOV             X9, X5          	X9=00000073A6FCF920                     	
0000134F	libhello_jni.so:std::string:::17988208825801258123+8EC	BIC             W5, W30, W2     	X5=00000000000000CE                     	
0000134F	libhello_jni.so:std::string:::17988208825801258123+8F0	BIC             W2, W2, W30     	X2=0000000000000010                     	
0000134F	libhello_jni.so:std::string:::17988208825801258123+8F4	ORR             W1, W1, W3      	X1=00000000000000BD                     	
0000134F	libhello_jni.so:std::string:::17988208825801258123+8F8	ORR             W2, W5, W2      	X2=00000000000000DE                     	
0000134F	libhello_jni.so:std::string:::17988208825801258123+8FC	ADD             W1, W1, W7      	X1=00000000000001AB                     	
0000134F	libhello_jni.so:std::string:::17988208825801258123+900	BIC             W3, W1, W2      	X3=0000000000000121                     	
0000134F	libhello_jni.so:std::string:::17988208825801258123+904	BIC             W1, W2, W1      	X1=0000000000000054                     	
0000134F	libhello_jni.so:std::string:::17988208825801258123+908	MOV             X5, X9          	X5=00000073A6FCF920                     	
0000134F	libhello_jni.so:std::string:::17988208825801258123+90C	ORR             W1, W3, W1      	X1=0000000000000175                     	
0000134F	libhello_jni.so:std::string:::17988208825801258123+910	STRB            W1, [X5,X8]     	                                        	
0000134F	libhello_jni.so:std::string:::17988208825801258123+914	LDUR            W8, [X29,#-0x5C]	                                        	
0000134F	libhello_jni.so:std::string:::17988208825801258123+918	LDR             W2, [X19]       	X2=0000000000000000                     	
0000134F	libhello_jni.so:std::string:::17988208825801258123+91C	MOV             W1, #0xBC18     	X1=000000000000BC18                     	
0000134F	libhello_jni.so:std::string:::17988208825801258123+920	MOVK            W1, #0x9609,LSL#16	X1=000000009609BC18                     	
0000134F	libhello_jni.so:std::string:::17988208825801258123+924	ADD             W8, W8, #1      	X8=000000000000000D                     	
0000134F	libhello_jni.so:std::string:::17988208825801258123+928	LDR             W3, [X20]       	X3=0000000000000000                     	
0000134F	libhello_jni.so:std::string:::17988208825801258123+92C	STUR            W8, [X29,#-0x60]	                                        	
0000134F	libhello_jni.so:std::string:::17988208825801258123+930	SUB             W8, W2, #1      	X8=00000000FFFFFFFF                     	
0000134F	libhello_jni.so:std::string:::17988208825801258123+934	ORN             W1, W1, W1      	X1=00000000FFFFFFFF                     	
0000134F	libhello_jni.so:std::string:::17988208825801258123+938	MADD            W8, W8, W2, WZR 	X8=0000000000000000                     	
0000134F	libhello_jni.so:std::string:::17988208825801258123+93C	AND             W8, W8, W1      	                                        	
0000134F	libhello_jni.so:std::string:::17988208825801258123+940	TST             W8, #1          	C=0                                     	
0000134F	libhello_jni.so:std::string:::17988208825801258123+944	CSET            W8, EQ          	X8=0000000000000001                     	
0000134F	libhello_jni.so:std::string:::17988208825801258123+948	CMP             W3, #0xA        	Z=0 N=1                                 	
0000134F	libhello_jni.so:std::string:::17988208825801258123+94C	CSET            W1, LT          	X1=0000000000000001                     	
0000134F	libhello_jni.so:std::string:::17988208825801258123+950	AND             W2, W1, W8      	X2=0000000000000001                     	
0000134F	libhello_jni.so:std::string:::17988208825801258123+954	EOR             W8, W1, W8      	X8=0000000000000000                     	
0000134F	libhello_jni.so:std::string:::17988208825801258123+958	ORR             W8, W2, W8      	X8=0000000000000001                     	
0000134F	libhello_jni.so:std::string:::17988208825801258123+95C	CMP             W8, #0          	C=1 N=0                                 	
0000134F	libhello_jni.so:std::string:::17988208825801258123+960	MOV             W8, #0x53F9     	X8=00000000000053F9                     	
0000134F	libhello_jni.so:std::string:::17988208825801258123+964	MOV             W9, #0x6A86     	X9=0000000000006A86                     	
0000134F	libhello_jni.so:std::string:::17988208825801258123+968	MOV             W1, #0x8ED3     	X1=0000000000008ED3                     	
0000134F	libhello_jni.so:std::string:::17988208825801258123+96C	MOVK            W8, #0x37B5,LSL#16	X8=0000000037B553F9                     	
0000134F	libhello_jni.so:std::string:::17988208825801258123+970	MOVK            W9, #0xF949,LSL#16	X9=00000000F9496A86                     	
0000134F	libhello_jni.so:std::string:::17988208825801258123+974	MOVK            W1, #0x2B5A,LSL#16	X1=000000002B5A8ED3                     	
0000134F	libhello_jni.so:std::string:::17988208825801258123+978	CSEL            W7, W8, W4, NE  	X7=0000000037B553F9                     	
0000134F	libhello_jni.so:std::string:::17988208825801258123+97C	B               loc_73A6951154  	                                        	
0000134F	libhello_jni.so:loc_73A6951154	CMP             W7, W22         	C=0                                     	
0000134F	libhello_jni.so:std::string:::17988208825801258123+5B4	B.GT            loc_73A6951198  	                                        	
0000134F	libhello_jni.so:loc_73A6951198	CMP             W7, W13         	N=1                                     	
0000134F	libhello_jni.so:std::string:::17988208825801258123+5F8	B.GT            loc_73A69511D8  	                                        	
0000134F	libhello_jni.so:std::string:::17988208825801258123+5FC	CMP             W7, W16         	C=1 N=0                                 	
0000134F	libhello_jni.so:std::string:::17988208825801258123+600	B.LE            loc_73A6951264  	                                        	
0000134F	libhello_jni.so:std::string:::17988208825801258123+604	CMP             W7, W11         	                                        	
0000134F	libhello_jni.so:std::string:::17988208825801258123+608	B.EQ            loc_73A695136C  	                                        	
0000134F	libhello_jni.so:std::string:::17988208825801258123+60C	CMP             W7, W1          	                                        	
0000134F	libhello_jni.so:std::string:::17988208825801258123+610	B.EQ            loc_73A6951448  	                                        	
0000134F	libhello_jni.so:std::string:::17988208825801258123+614	MOV             W8, #0x53F9     	X8=00000000000053F9                     	
0000134F	libhello_jni.so:std::string:::17988208825801258123+618	MOVK            W8, #0x37B5,LSL#16	X8=0000000037B553F9                     	
0000134F	libhello_jni.so:std::string:::17988208825801258123+61C	CMP             W7, W8          	Z=1                                     	
0000134F	libhello_jni.so:std::string:::17988208825801258123+620	B.NE            loc_73A6951154  	                                        	
0000134F	libhello_jni.so:std::string:::17988208825801258123+624	LDUR            W26, [X29,#-0x60]	X26=000000000000000D                    	
0000134F	libhello_jni.so:std::string:::17988208825801258123+628	MOV             W7, #0x8ED3     	X7=0000000000008ED3                     	
0000134F	libhello_jni.so:std::string:::17988208825801258123+62C	MOVK            W7, #0x2B5A,LSL#16	X7=000000002B5A8ED3                     	
0000134F	libhello_jni.so:std::string:::17988208825801258123+630	B               loc_73A6951154  	                                        	
0000134F	libhello_jni.so:loc_73A6951154	CMP             W7, W22         	C=0 Z=0                                 	
0000134F	libhello_jni.so:std::string:::17988208825801258123+5B4	B.GT            loc_73A6951198  	                                        	
0000134F	libhello_jni.so:loc_73A6951198	CMP             W7, W13         	N=1                                     	
0000134F	libhello_jni.so:std::string:::17988208825801258123+5F8	B.GT            loc_73A69511D8  	                                        	
0000134F	libhello_jni.so:std::string:::17988208825801258123+5FC	CMP             W7, W16         	C=1 N=0                                 	
0000134F	libhello_jni.so:std::string:::17988208825801258123+600	B.LE            loc_73A6951264  	                                        	
0000134F	libhello_jni.so:std::string:::17988208825801258123+604	CMP             W7, W11         	                                        	
0000134F	libhello_jni.so:std::string:::17988208825801258123+608	B.EQ            loc_73A695136C  	                                        	
0000134F	libhello_jni.so:std::string:::17988208825801258123+60C	CMP             W7, W1          	Z=1                                     	
0000134F	libhello_jni.so:std::string:::17988208825801258123+610	B.EQ            loc_73A6951448  	                                        	
0000134F	libhello_jni.so:loc_73A6951448	STUR            W26, [X29,#-0x5C]	                                        	
0000134F	libhello_jni.so:std::string:::17988208825801258123+8A8	LDURSW          X2, [X29,#-0x5C]	X2=000000000000000D                     	
0000134F	libhello_jni.so:std::string:::17988208825801258123+8AC	STUR            X2, [X29,#-0x78]	                                        	
0000134F	libhello_jni.so:std::string:::17988208825801258123+8B0	LDUR            X2, [X29,#-0x78]	                                        	
0000134F	libhello_jni.so:std::string:::17988208825801258123+8B4	LDUR            X8, [X29,#-0x98]	X8=0000000000000010                     	
0000134F	libhello_jni.so:std::string:::17988208825801258123+8B8	CMP             X2, X8          	C=0 Z=0 N=1                             	
0000134F	libhello_jni.so:std::string:::17988208825801258123+8BC	MOV             W8, #0x25D7     	X8=00000000000025D7                     	
0000134F	libhello_jni.so:std::string:::17988208825801258123+8C0	MOVK            W8, #0x4289,LSL#16	X8=00000000428925D7                     	
0000134F	libhello_jni.so:std::string:::17988208825801258123+8C4	CSEL            W7, W11, W8, CC 	X7=000000001C107584                     	
0000134F	libhello_jni.so:std::string:::17988208825801258123+8C8	B               loc_73A6951154  	                                        	
0000134F	libhello_jni.so:loc_73A6951154	CMP             W7, W22         	N=0                                     	
0000134F	libhello_jni.so:std::string:::17988208825801258123+5B4	B.GT            loc_73A6951198  	                                        	
0000134F	libhello_jni.so:loc_73A6951198	CMP             W7, W13         	N=1                                     	
0000134F	libhello_jni.so:std::string:::17988208825801258123+5F8	B.GT            loc_73A69511D8  	                                        	
0000134F	libhello_jni.so:std::string:::17988208825801258123+5FC	CMP             W7, W16         	C=1 N=0                                 	
0000134F	libhello_jni.so:std::string:::17988208825801258123+600	B.LE            loc_73A6951264  	                                        	
0000134F	libhello_jni.so:std::string:::17988208825801258123+604	CMP             W7, W11         	Z=1                                     	
0000134F	libhello_jni.so:std::string:::17988208825801258123+608	B.EQ            loc_73A695136C  	                                        	
0000134F	libhello_jni.so:loc_73A695136C	LDUR            W2, [X29,#-0x5C]	                                        	
0000134F	libhello_jni.so:std::string:::17988208825801258123+7CC	LDUR            X3, [X29,#-0x88]	X3=0000007FE7462420                     	
0000134F	libhello_jni.so:std::string:::17988208825801258123+7D0	MOV             W8, #0x87B1     	X8=00000000000087B1                     	
0000134F	libhello_jni.so:std::string:::17988208825801258123+7D4	MOVK            W8, #0x786F,LSL#16	X8=00000000786F87B1                     	
0000134F	libhello_jni.so:std::string:::17988208825801258123+7D8	ORN             W7, W8, W8      	X7=00000000FFFFFFFF                     	
0000134F	libhello_jni.so:std::string:::17988208825801258123+7DC	AND             W2, W2, #0xF    	                                        	
0000134F	libhello_jni.so:std::string:::17988208825801258123+7E0	AND             X2, X2, X7      	                                        	
0000134F	libhello_jni.so:std::string:::17988208825801258123+7E4	LDRB            W2, [X3,X2]     	X2=000000000000009A                     	
0000134F	libhello_jni.so:std::string:::17988208825801258123+7E8	MOV             W7, #0xB514     	X7=000000000000B514                     	
0000134F	libhello_jni.so:std::string:::17988208825801258123+7EC	MOVK            W7, #0x1579,LSL#16	X7=000000001579B514                     	
0000134F	libhello_jni.so:std::string:::17988208825801258123+7F0	STURB           W2, [X29,#-0x70]	                                        	
0000134F	libhello_jni.so:std::string:::17988208825801258123+7F4	B               loc_73A6951154  	                                        	
0000134F	libhello_jni.so:loc_73A6951154	CMP             W7, W22         	C=0 Z=0                                 	
0000134F	libhello_jni.so:std::string:::17988208825801258123+5B4	B.GT            loc_73A6951198  	                                        	
0000134F	libhello_jni.so:loc_73A6951198	CMP             W7, W13         	N=1                                     	
0000134F	libhello_jni.so:std::string:::17988208825801258123+5F8	B.GT            loc_73A69511D8  	                                        	
0000134F	libhello_jni.so:std::string:::17988208825801258123+5FC	CMP             W7, W16         	                                        	
0000134F	libhello_jni.so:std::string:::17988208825801258123+600	B.LE            loc_73A6951264  	                                        	
0000134F	libhello_jni.so:loc_73A6951264	CMP             W7, W9          	N=0                                     	
0000134F	libhello_jni.so:std::string:::17988208825801258123+6C4	B.EQ            loc_73A69515B0  	                                        	
0000134F	libhello_jni.so:std::string:::17988208825801258123+6C8	MOV             W8, #0xB514     	X8=000000000000B514                     	
0000134F	libhello_jni.so:std::string:::17988208825801258123+6CC	MOVK            W8, #0x1579,LSL#16	X8=000000001579B514                     	
0000134F	libhello_jni.so:std::string:::17988208825801258123+6D0	CMP             W7, W8          	C=1 Z=1                                 	
0000134F	libhello_jni.so:std::string:::17988208825801258123+6D4	B.NE            loc_73A6951154  	                                        	
0000134F	libhello_jni.so:std::string:::17988208825801258123+6D8	LDUR            X2, [X29,#-0x78]	X2=000000000000000D                     	
0000134F	libhello_jni.so:std::string:::17988208825801258123+6DC	LDUR            X8, [X29,#-0xA0]	X8=00000074396C5200                     	
0000134F	libhello_jni.so:std::string:::17988208825801258123+6E0	MOV             W30, #0x25      	X30=0000000000000025                    	
0000134F	libhello_jni.so:std::string:::17988208825801258123+6E4	LDRB            W2, [X8,X2]     	X2=0000000000000064                     	
0000134F	libhello_jni.so:std::string:::17988208825801258123+6E8	LDURB           W3, [X29,#-0x70]	X3=000000000000009A                     	
0000134F	libhello_jni.so:std::string:::17988208825801258123+6EC	MOV             W8, #0xDA       	X8=00000000000000DA                     	
0000134F	libhello_jni.so:std::string:::17988208825801258123+6F0	BIC             W7, W8, W2      	X7=000000000000009A                     	
0000134F	libhello_jni.so:std::string:::17988208825801258123+6F4	STUR            W3, [X29,#-0x6C]	                                        	
0000134F	libhello_jni.so:std::string:::17988208825801258123+6F8	LDUR            W3, [X29,#-0x6C]	                                        	
0000134F	libhello_jni.so:std::string:::17988208825801258123+6FC	AND             W2, W2, W30     	X2=0000000000000024                     	
0000134F	libhello_jni.so:std::string:::17988208825801258123+700	ORR             W2, W7, W2      	X2=00000000000000BE                     	
0000134F	libhello_jni.so:std::string:::17988208825801258123+704	BIC             W7, W8, W3      	X7=0000000000000040                     	
0000134F	libhello_jni.so:std::string:::17988208825801258123+708	AND             W3, W3, W30     	X3=0000000000000000                     	
0000134F	libhello_jni.so:std::string:::17988208825801258123+70C	ORR             W3, W7, W3      	X3=0000000000000040                     	
0000134F	libhello_jni.so:std::string:::17988208825801258123+710	EOR             W2, W2, W3      	X2=00000000000000FE                     	
0000134F	libhello_jni.so:std::string:::17988208825801258123+714	STURB           W2, [X29,#-0x68]	                                        	
0000134F	libhello_jni.so:std::string:::17988208825801258123+718	LDUR            W2, [X29,#-0x5C]	X2=000000000000000D                     	
0000134F	libhello_jni.so:std::string:::17988208825801258123+71C	ADRP            X8, #a9d9107e02f0f07@PAGE; \"9d9107e02f0f07984956767ab1ac87e5\"	X8=00000073A697B000                     	
0000134F	libhello_jni.so:std::string:::17988208825801258123+720	ADD             X8, X8, #a9d9107e02f0f07@PAGEOFF; \"9d9107e02f0f07984956767ab1ac87e5\"	X8=00000073A697B1A0                     	
0000134F	libhello_jni.so:std::string:::17988208825801258123+724	MOV             W7, #0x4E09     	X7=0000000000004E09                     	
0000134F	libhello_jni.so:std::string:::17988208825801258123+728	EOR             W3, W2, #0xFFFFFFF8	X3=00000000FFFFFFF5                     	
0000134F	libhello_jni.so:std::string:::17988208825801258123+72C	AND             X2, X3, X2      	X2=0000000000000005                     	
0000134F	libhello_jni.so:std::string:::17988208825801258123+730	LDRB            W2, [X8,X2]     	X2=0000000000000037                     	
0000134F	libhello_jni.so:std::string:::17988208825801258123+734	MOVK            W7, #0x980E,LSL#16	X7=00000000980E4E09                     	
0000134F	libhello_jni.so:std::string:::17988208825801258123+738	STURB           W2, [X29,#-0x64]	                                        	
0000134F	libhello_jni.so:std::string:::17988208825801258123+73C	B               loc_73A6951154  	                                        	
0000134F	libhello_jni.so:loc_73A6951154	CMP             W7, W22         	C=0 Z=0 N=1                             	
0000134F	libhello_jni.so:std::string:::17988208825801258123+5B4	B.GT            loc_73A6951198  	                                        	
0000134F	libhello_jni.so:std::string:::17988208825801258123+5B8	CMP             W7, W23         	                                        	
0000134F	libhello_jni.so:std::string:::17988208825801258123+5BC	B.LE            loc_73A695120C  	                                        	
0000134F	libhello_jni.so:loc_73A695120C	CMP             W7, W24         	C=1 N=0                                 	
0000134F	libhello_jni.so:std::string:::17988208825801258123+66C	B.LE            loc_73A6951350  	                                        	
0000134F	libhello_jni.so:std::string:::17988208825801258123+670	CMP             W7, W25         	Z=1                                     	
0000134F	libhello_jni.so:std::string:::17988208825801258123+674	B.EQ            loc_73A69513F4  	                                        	
0000134F	libhello_jni.so:loc_73A69513F4	LDR             W2, [X20]       	X2=0000000000000000                     	
0000134F	libhello_jni.so:std::string:::17988208825801258123+854	LDR             W3, [X19]       	X3=0000000000000000                     	
0000134F	libhello_jni.so:std::string:::17988208825801258123+858	MOV             W8, #0xF041     	X8=000000000000F041                     	
0000134F	libhello_jni.so:std::string:::17988208825801258123+85C	MOVK            W8, #0xD335,LSL#16	X8=00000000D335F041                     	
0000134F	libhello_jni.so:std::string:::17988208825801258123+860	CMP             W2, #9          	C=0 Z=0 N=1                             	
0000134F	libhello_jni.so:std::string:::17988208825801258123+864	SUB             W2, W3, #1      	X2=00000000FFFFFFFF                     	
0000134F	libhello_jni.so:std::string:::17988208825801258123+868	ORN             W7, W8, W8      	X7=00000000FFFFFFFF                     	
0000134F	libhello_jni.so:std::string:::17988208825801258123+86C	MADD            W2, W2, W3, WZR 	X2=0000000000000000                     	
0000134F	libhello_jni.so:std::string:::17988208825801258123+870	AND             W2, W2, W7      	                                        	
0000134F	libhello_jni.so:std::string:::17988208825801258123+874	CSET            W3, GT          	                                        	
0000134F	libhello_jni.so:std::string:::17988208825801258123+878	AND             W2, W2, #1      	                                        	
0000134F	libhello_jni.so:std::string:::17988208825801258123+87C	EOR             W7, W3, W2      	X7=0000000000000000                     	
0000134F	libhello_jni.so:std::string:::17988208825801258123+880	ORR             W2, W3, W2      	                                        	
0000134F	libhello_jni.so:std::string:::17988208825801258123+884	EOR             W2, W2, #1      	X2=0000000000000001                     	
0000134F	libhello_jni.so:std::string:::17988208825801258123+888	ORR             W2, W7, W2      	                                        	
0000134F	libhello_jni.so:std::string:::17988208825801258123+88C	CMP             W2, #0          	C=1 N=0                                 	
0000134F	libhello_jni.so:std::string:::17988208825801258123+890	CSEL            W7, W6, W4, NE  	X7=000000005B3AB7B8                     	
0000134F	libhello_jni.so:std::string:::17988208825801258123+894	B               loc_73A6951154  	                                        	
0000134F	libhello_jni.so:loc_73A6951154	CMP             W7, W22         	C=0                                     	
0000134F	libhello_jni.so:std::string:::17988208825801258123+5B4	B.GT            loc_73A6951198  	                                        	
0000134F	libhello_jni.so:loc_73A6951198	CMP             W7, W13         	C=1                                     	
0000134F	libhello_jni.so:std::string:::17988208825801258123+5F8	B.GT            loc_73A69511D8  	                                        	
0000134F	libhello_jni.so:loc_73A69511D8	CMP             W7, W0          	                                        	
0000134F	libhello_jni.so:std::string:::17988208825801258123+638	B.LE            loc_73A69512E4  	                                        	
0000134F	libhello_jni.so:std::string:::17988208825801258123+63C	CMP             W7, W21         	                                        	
0000134F	libhello_jni.so:std::string:::17988208825801258123+640	B.EQ            loc_73A695139C  	                                        	
0000134F	libhello_jni.so:std::string:::17988208825801258123+644	CMP             W7, W6          	Z=1                                     	
0000134F	libhello_jni.so:std::string:::17988208825801258123+648	B.EQ            loc_73A6951470  	                                        	
0000134F	libhello_jni.so:loc_73A6951470	LDURB           W2, [X29,#-0x64]	X2=0000000000000037                     	
0000134F	libhello_jni.so:std::string:::17988208825801258123+8D0	LDURB           W3, [X29,#-0x68]	X3=00000000000000FE                     	
0000134F	libhello_jni.so:std::string:::17988208825801258123+8D4	LDUR            W7, [X29,#-0x6C]	X7=000000000000009A                     	
0000134F	libhello_jni.so:std::string:::17988208825801258123+8D8	LDUR            W30, [X29,#-0x6C]	X30=000000000000009A                    	
0000134F	libhello_jni.so:std::string:::17988208825801258123+8DC	LDUR            X8, [X29,#-0x78]	X8=000000000000000D                     	
0000134F	libhello_jni.so:std::string:::17988208825801258123+8E0	BIC             W1, W2, W3      	X1=0000000000000001                     	
0000134F	libhello_jni.so:std::string:::17988208825801258123+8E4	BIC             W3, W3, W2      	X3=00000000000000C8                     	
0000134F	libhello_jni.so:std::string:::17988208825801258123+8E8	MOV             X9, X5          	X9=00000073A6FCF920                     	
0000134F	libhello_jni.so:std::string:::17988208825801258123+8EC	BIC             W5, W30, W2     	X5=0000000000000088                     	
0000134F	libhello_jni.so:std::string:::17988208825801258123+8F0	BIC             W2, W2, W30     	X2=0000000000000025                     	
0000134F	libhello_jni.so:std::string:::17988208825801258123+8F4	ORR             W1, W1, W3      	X1=00000000000000C9                     	
0000134F	libhello_jni.so:std::string:::17988208825801258123+8F8	ORR             W2, W5, W2      	X2=00000000000000AD                     	
0000134F	libhello_jni.so:std::string:::17988208825801258123+8FC	ADD             W1, W1, W7      	X1=0000000000000163                     	
0000134F	libhello_jni.so:std::string:::17988208825801258123+900	BIC             W3, W1, W2      	X3=0000000000000142                     	
0000134F	libhello_jni.so:std::string:::17988208825801258123+904	BIC             W1, W2, W1      	X1=000000000000008C                     	
0000134F	libhello_jni.so:std::string:::17988208825801258123+908	MOV             X5, X9          	X5=00000073A6FCF920                     	
0000134F	libhello_jni.so:std::string:::17988208825801258123+90C	ORR             W1, W3, W1      	X1=00000000000001CE                     	
0000134F	libhello_jni.so:std::string:::17988208825801258123+910	STRB            W1, [X5,X8]     	                                        	
0000134F	libhello_jni.so:std::string:::17988208825801258123+914	LDUR            W8, [X29,#-0x5C]	                                        	
0000134F	libhello_jni.so:std::string:::17988208825801258123+918	LDR             W2, [X19]       	X2=0000000000000000                     	
0000134F	libhello_jni.so:std::string:::17988208825801258123+91C	MOV             W1, #0xBC18     	X1=000000000000BC18                     	
0000134F	libhello_jni.so:std::string:::17988208825801258123+920	MOVK            W1, #0x9609,LSL#16	X1=000000009609BC18                     	
0000134F	libhello_jni.so:std::string:::17988208825801258123+924	ADD             W8, W8, #1      	X8=000000000000000E                     	
0000134F	libhello_jni.so:std::string:::17988208825801258123+928	LDR             W3, [X20]       	X3=0000000000000000                     	
0000134F	libhello_jni.so:std::string:::17988208825801258123+92C	STUR            W8, [X29,#-0x60]	                                        	
0000134F	libhello_jni.so:std::string:::17988208825801258123+930	SUB             W8, W2, #1      	X8=00000000FFFFFFFF                     	
0000134F	libhello_jni.so:std::string:::17988208825801258123+934	ORN             W1, W1, W1      	X1=00000000FFFFFFFF                     	
0000134F	libhello_jni.so:std::string:::17988208825801258123+938	MADD            W8, W8, W2, WZR 	X8=0000000000000000                     	
0000134F	libhello_jni.so:std::string:::17988208825801258123+93C	AND             W8, W8, W1      	                                        	
0000134F	libhello_jni.so:std::string:::17988208825801258123+940	TST             W8, #1          	C=0                                     	
0000134F	libhello_jni.so:std::string:::17988208825801258123+944	CSET            W8, EQ          	X8=0000000000000001                     	
0000134F	libhello_jni.so:std::string:::17988208825801258123+948	CMP             W3, #0xA        	Z=0 N=1                                 	
0000134F	libhello_jni.so:std::string:::17988208825801258123+94C	CSET            W1, LT          	X1=0000000000000001                     	
0000134F	libhello_jni.so:std::string:::17988208825801258123+950	AND             W2, W1, W8      	X2=0000000000000001                     	
0000134F	libhello_jni.so:std::string:::17988208825801258123+954	EOR             W8, W1, W8      	X8=0000000000000000                     	
0000134F	libhello_jni.so:std::string:::17988208825801258123+958	ORR             W8, W2, W8      	X8=0000000000000001                     	
0000134F	libhello_jni.so:std::string:::17988208825801258123+95C	CMP             W8, #0          	C=1 N=0                                 	
0000134F	libhello_jni.so:std::string:::17988208825801258123+960	MOV             W8, #0x53F9     	X8=00000000000053F9                     	
0000134F	libhello_jni.so:std::string:::17988208825801258123+964	MOV             W9, #0x6A86     	X9=0000000000006A86                     	
0000134F	libhello_jni.so:std::string:::17988208825801258123+968	MOV             W1, #0x8ED3     	X1=0000000000008ED3                     	
0000134F	libhello_jni.so:std::string:::17988208825801258123+96C	MOVK            W8, #0x37B5,LSL#16	X8=0000000037B553F9                     	
0000134F	libhello_jni.so:std::string:::17988208825801258123+970	MOVK            W9, #0xF949,LSL#16	X9=00000000F9496A86                     	
0000134F	libhello_jni.so:std::string:::17988208825801258123+974	MOVK            W1, #0x2B5A,LSL#16	X1=000000002B5A8ED3                     	
0000134F	libhello_jni.so:std::string:::17988208825801258123+978	CSEL            W7, W8, W4, NE  	X7=0000000037B553F9                     	
0000134F	libhello_jni.so:std::string:::17988208825801258123+97C	B               loc_73A6951154  	                                        	
0000134F	libhello_jni.so:loc_73A6951154	CMP             W7, W22         	C=0                                     	
0000134F	libhello_jni.so:std::string:::17988208825801258123+5B4	B.GT            loc_73A6951198  	                                        	
0000134F	libhello_jni.so:loc_73A6951198	CMP             W7, W13         	N=1                                     	
0000134F	libhello_jni.so:std::string:::17988208825801258123+5F8	B.GT            loc_73A69511D8  	                                        	
0000134F	libhello_jni.so:std::string:::17988208825801258123+5FC	CMP             W7, W16         	C=1 N=0                                 	
0000134F	libhello_jni.so:std::string:::17988208825801258123+600	B.LE            loc_73A6951264  	                                        	
0000134F	libhello_jni.so:std::string:::17988208825801258123+604	CMP             W7, W11         	                                        	
0000134F	libhello_jni.so:std::string:::17988208825801258123+608	B.EQ            loc_73A695136C  	                                        	
0000134F	libhello_jni.so:std::string:::17988208825801258123+60C	CMP             W7, W1          	                                        	
0000134F	libhello_jni.so:std::string:::17988208825801258123+610	B.EQ            loc_73A6951448  	                                        	
0000134F	libhello_jni.so:std::string:::17988208825801258123+614	MOV             W8, #0x53F9     	X8=00000000000053F9                     	
0000134F	libhello_jni.so:std::string:::17988208825801258123+618	MOVK            W8, #0x37B5,LSL#16	X8=0000000037B553F9                     	
0000134F	libhello_jni.so:std::string:::17988208825801258123+61C	CMP             W7, W8          	Z=1                                     	
0000134F	libhello_jni.so:std::string:::17988208825801258123+620	B.NE            loc_73A6951154  	                                        	
0000134F	libhello_jni.so:std::string:::17988208825801258123+624	LDUR            W26, [X29,#-0x60]	X26=000000000000000E                    	
0000134F	libhello_jni.so:std::string:::17988208825801258123+628	MOV             W7, #0x8ED3     	X7=0000000000008ED3                     	
0000134F	libhello_jni.so:std::string:::17988208825801258123+62C	MOVK            W7, #0x2B5A,LSL#16	X7=000000002B5A8ED3                     	
0000134F	libhello_jni.so:std::string:::17988208825801258123+630	B               loc_73A6951154  	                                        	
0000134F	libhello_jni.so:loc_73A6951154	CMP             W7, W22         	C=0 Z=0                                 	
0000134F	libhello_jni.so:std::string:::17988208825801258123+5B4	B.GT            loc_73A6951198  	                                        	
0000134F	libhello_jni.so:loc_73A6951198	CMP             W7, W13         	N=1                                     	
0000134F	libhello_jni.so:std::string:::17988208825801258123+5F8	B.GT            loc_73A69511D8  	                                        	
0000134F	libhello_jni.so:std::string:::17988208825801258123+5FC	CMP             W7, W16         	C=1 N=0                                 	
0000134F	libhello_jni.so:std::string:::17988208825801258123+600	B.LE            loc_73A6951264  	                                        	
0000134F	libhello_jni.so:std::string:::17988208825801258123+604	CMP             W7, W11         	                                        	
0000134F	libhello_jni.so:std::string:::17988208825801258123+608	B.EQ            loc_73A695136C  	                                        	
0000134F	libhello_jni.so:std::string:::17988208825801258123+60C	CMP             W7, W1          	Z=1                                     	
0000134F	libhello_jni.so:std::string:::17988208825801258123+610	B.EQ            loc_73A6951448  	                                        	
0000134F	libhello_jni.so:loc_73A6951448	STUR            W26, [X29,#-0x5C]	                                        	
0000134F	libhello_jni.so:std::string:::17988208825801258123+8A8	LDURSW          X2, [X29,#-0x5C]	X2=000000000000000E                     	
0000134F	libhello_jni.so:std::string:::17988208825801258123+8AC	STUR            X2, [X29,#-0x78]	                                        	
0000134F	libhello_jni.so:std::string:::17988208825801258123+8B0	LDUR            X2, [X29,#-0x78]	                                        	
0000134F	libhello_jni.so:std::string:::17988208825801258123+8B4	LDUR            X8, [X29,#-0x98]	X8=0000000000000010                     	
0000134F	libhello_jni.so:std::string:::17988208825801258123+8B8	CMP             X2, X8          	C=0 Z=0 N=1                             	
0000134F	libhello_jni.so:std::string:::17988208825801258123+8BC	MOV             W8, #0x25D7     	X8=00000000000025D7                     	
0000134F	libhello_jni.so:std::string:::17988208825801258123+8C0	MOVK            W8, #0x4289,LSL#16	X8=00000000428925D7                     	
0000134F	libhello_jni.so:std::string:::17988208825801258123+8C4	CSEL            W7, W11, W8, CC 	X7=000000001C107584                     	
0000134F	libhello_jni.so:std::string:::17988208825801258123+8C8	B               loc_73A6951154  	                                        	
0000134F	libhello_jni.so:loc_73A6951154	CMP             W7, W22         	N=0                                     	
0000134F	libhello_jni.so:std::string:::17988208825801258123+5B4	B.GT            loc_73A6951198  	                                        	
0000134F	libhello_jni.so:loc_73A6951198	CMP             W7, W13         	N=1                                     	
0000134F	libhello_jni.so:std::string:::17988208825801258123+5F8	B.GT            loc_73A69511D8  	                                        	
0000134F	libhello_jni.so:std::string:::17988208825801258123+5FC	CMP             W7, W16         	C=1 N=0                                 	
0000134F	libhello_jni.so:std::string:::17988208825801258123+600	B.LE            loc_73A6951264  	                                        	
0000134F	libhello_jni.so:std::string:::17988208825801258123+604	CMP             W7, W11         	Z=1                                     	
0000134F	libhello_jni.so:std::string:::17988208825801258123+608	B.EQ            loc_73A695136C  	                                        	
0000134F	libhello_jni.so:loc_73A695136C	LDUR            W2, [X29,#-0x5C]	                                        	
0000134F	libhello_jni.so:std::string:::17988208825801258123+7CC	LDUR            X3, [X29,#-0x88]	X3=0000007FE7462420                     	
0000134F	libhello_jni.so:std::string:::17988208825801258123+7D0	MOV             W8, #0x87B1     	X8=00000000000087B1                     	
0000134F	libhello_jni.so:std::string:::17988208825801258123+7D4	MOVK            W8, #0x786F,LSL#16	X8=00000000786F87B1                     	
0000134F	libhello_jni.so:std::string:::17988208825801258123+7D8	ORN             W7, W8, W8      	X7=00000000FFFFFFFF                     	
0000134F	libhello_jni.so:std::string:::17988208825801258123+7DC	AND             W2, W2, #0xF    	                                        	
0000134F	libhello_jni.so:std::string:::17988208825801258123+7E0	AND             X2, X2, X7      	                                        	
0000134F	libhello_jni.so:std::string:::17988208825801258123+7E4	LDRB            W2, [X3,X2]     	X2=00000000000000E9                     	
0000134F	libhello_jni.so:std::string:::17988208825801258123+7E8	MOV             W7, #0xB514     	X7=000000000000B514                     	
0000134F	libhello_jni.so:std::string:::17988208825801258123+7EC	MOVK            W7, #0x1579,LSL#16	X7=000000001579B514                     	
0000134F	libhello_jni.so:std::string:::17988208825801258123+7F0	STURB           W2, [X29,#-0x70]	                                        	
0000134F	libhello_jni.so:std::string:::17988208825801258123+7F4	B               loc_73A6951154  	                                        	
0000134F	libhello_jni.so:loc_73A6951154	CMP             W7, W22         	C=0 Z=0                                 	
0000134F	libhello_jni.so:std::string:::17988208825801258123+5B4	B.GT            loc_73A6951198  	                                        	
0000134F	libhello_jni.so:loc_73A6951198	CMP             W7, W13         	N=1                                     	
0000134F	libhello_jni.so:std::string:::17988208825801258123+5F8	B.GT            loc_73A69511D8  	                                        	
0000134F	libhello_jni.so:std::string:::17988208825801258123+5FC	CMP             W7, W16         	                                        	
0000134F	libhello_jni.so:std::string:::17988208825801258123+600	B.LE            loc_73A6951264  	                                        	
0000134F	libhello_jni.so:loc_73A6951264	CMP             W7, W9          	N=0                                     	
0000134F	libhello_jni.so:std::string:::17988208825801258123+6C4	B.EQ            loc_73A69515B0  	                                        	
0000134F	libhello_jni.so:std::string:::17988208825801258123+6C8	MOV             W8, #0xB514     	X8=000000000000B514                     	
0000134F	libhello_jni.so:std::string:::17988208825801258123+6CC	MOVK            W8, #0x1579,LSL#16	X8=000000001579B514                     	
0000134F	libhello_jni.so:std::string:::17988208825801258123+6D0	CMP             W7, W8          	C=1 Z=1                                 	
0000134F	libhello_jni.so:std::string:::17988208825801258123+6D4	B.NE            loc_73A6951154  	                                        	
0000134F	libhello_jni.so:std::string:::17988208825801258123+6D8	LDUR            X2, [X29,#-0x78]	X2=000000000000000E                     	
0000134F	libhello_jni.so:std::string:::17988208825801258123+6DC	LDUR            X8, [X29,#-0xA0]	X8=00000074396C5200                     	
0000134F	libhello_jni.so:std::string:::17988208825801258123+6E0	MOV             W30, #0x25      	X30=0000000000000025                    	
0000134F	libhello_jni.so:std::string:::17988208825801258123+6E4	LDRB            W2, [X8,X2]     	X2=0000000000000065                     	
0000134F	libhello_jni.so:std::string:::17988208825801258123+6E8	LDURB           W3, [X29,#-0x70]	X3=00000000000000E9                     	
0000134F	libhello_jni.so:std::string:::17988208825801258123+6EC	MOV             W8, #0xDA       	X8=00000000000000DA                     	
0000134F	libhello_jni.so:std::string:::17988208825801258123+6F0	BIC             W7, W8, W2      	X7=000000000000009A                     	
0000134F	libhello_jni.so:std::string:::17988208825801258123+6F4	STUR            W3, [X29,#-0x6C]	                                        	
0000134F	libhello_jni.so:std::string:::17988208825801258123+6F8	LDUR            W3, [X29,#-0x6C]	                                        	
0000134F	libhello_jni.so:std::string:::17988208825801258123+6FC	AND             W2, W2, W30     	X2=0000000000000025                     	
0000134F	libhello_jni.so:std::string:::17988208825801258123+700	ORR             W2, W7, W2      	X2=00000000000000BF                     	
0000134F	libhello_jni.so:std::string:::17988208825801258123+704	BIC             W7, W8, W3      	X7=0000000000000012                     	
0000134F	libhello_jni.so:std::string:::17988208825801258123+708	AND             W3, W3, W30     	X3=0000000000000021                     	
0000134F	libhello_jni.so:std::string:::17988208825801258123+70C	ORR             W3, W7, W3      	X3=0000000000000033                     	
0000134F	libhello_jni.so:std::string:::17988208825801258123+710	EOR             W2, W2, W3      	X2=000000000000008C                     	
0000134F	libhello_jni.so:std::string:::17988208825801258123+714	STURB           W2, [X29,#-0x68]	                                        	
0000134F	libhello_jni.so:std::string:::17988208825801258123+718	LDUR            W2, [X29,#-0x5C]	X2=000000000000000E                     	
0000134F	libhello_jni.so:std::string:::17988208825801258123+71C	ADRP            X8, #a9d9107e02f0f07@PAGE; \"9d9107e02f0f07984956767ab1ac87e5\"	X8=00000073A697B000                     	
0000134F	libhello_jni.so:std::string:::17988208825801258123+720	ADD             X8, X8, #a9d9107e02f0f07@PAGEOFF; \"9d9107e02f0f07984956767ab1ac87e5\"	X8=00000073A697B1A0                     	
0000134F	libhello_jni.so:std::string:::17988208825801258123+724	MOV             W7, #0x4E09     	X7=0000000000004E09                     	
0000134F	libhello_jni.so:std::string:::17988208825801258123+728	EOR             W3, W2, #0xFFFFFFF8	X3=00000000FFFFFFF6                     	
0000134F	libhello_jni.so:std::string:::17988208825801258123+72C	AND             X2, X3, X2      	X2=0000000000000006                     	
0000134F	libhello_jni.so:std::string:::17988208825801258123+730	LDRB            W2, [X8,X2]     	X2=0000000000000065                     	
0000134F	libhello_jni.so:std::string:::17988208825801258123+734	MOVK            W7, #0x980E,LSL#16	X7=00000000980E4E09                     	
0000134F	libhello_jni.so:std::string:::17988208825801258123+738	STURB           W2, [X29,#-0x64]	                                        	
0000134F	libhello_jni.so:std::string:::17988208825801258123+73C	B               loc_73A6951154  	                                        	
0000134F	libhello_jni.so:loc_73A6951154	CMP             W7, W22         	C=0 Z=0 N=1                             	
0000134F	libhello_jni.so:std::string:::17988208825801258123+5B4	B.GT            loc_73A6951198  	                                        	
0000134F	libhello_jni.so:std::string:::17988208825801258123+5B8	CMP             W7, W23         	                                        	
0000134F	libhello_jni.so:std::string:::17988208825801258123+5BC	B.LE            loc_73A695120C  	                                        	
0000134F	libhello_jni.so:loc_73A695120C	CMP             W7, W24         	C=1 N=0                                 	
0000134F	libhello_jni.so:std::string:::17988208825801258123+66C	B.LE            loc_73A6951350  	                                        	
0000134F	libhello_jni.so:std::string:::17988208825801258123+670	CMP             W7, W25         	Z=1                                     	
0000134F	libhello_jni.so:std::string:::17988208825801258123+674	B.EQ            loc_73A69513F4  	                                        	
0000134F	libhello_jni.so:loc_73A69513F4	LDR             W2, [X20]       	X2=0000000000000000                     	
0000134F	libhello_jni.so:std::string:::17988208825801258123+854	LDR             W3, [X19]       	X3=0000000000000000                     	
0000134F	libhello_jni.so:std::string:::17988208825801258123+858	MOV             W8, #0xF041     	X8=000000000000F041                     	
0000134F	libhello_jni.so:std::string:::17988208825801258123+85C	MOVK            W8, #0xD335,LSL#16	X8=00000000D335F041                     	
0000134F	libhello_jni.so:std::string:::17988208825801258123+860	CMP             W2, #9          	C=0 Z=0 N=1                             	
0000134F	libhello_jni.so:std::string:::17988208825801258123+864	SUB             W2, W3, #1      	X2=00000000FFFFFFFF                     	
0000134F	libhello_jni.so:std::string:::17988208825801258123+868	ORN             W7, W8, W8      	X7=00000000FFFFFFFF                     	
0000134F	libhello_jni.so:std::string:::17988208825801258123+86C	MADD            W2, W2, W3, WZR 	X2=0000000000000000                     	
0000134F	libhello_jni.so:std::string:::17988208825801258123+870	AND             W2, W2, W7      	                                        	
0000134F	libhello_jni.so:std::string:::17988208825801258123+874	CSET            W3, GT          	                                        	
0000134F	libhello_jni.so:std::string:::17988208825801258123+878	AND             W2, W2, #1      	                                        	
0000134F	libhello_jni.so:std::string:::17988208825801258123+87C	EOR             W7, W3, W2      	X7=0000000000000000                     	
0000134F	libhello_jni.so:std::string:::17988208825801258123+880	ORR             W2, W3, W2      	                                        	
0000134F	libhello_jni.so:std::string:::17988208825801258123+884	EOR             W2, W2, #1      	X2=0000000000000001                     	
0000134F	libhello_jni.so:std::string:::17988208825801258123+888	ORR             W2, W7, W2      	                                        	
0000134F	libhello_jni.so:std::string:::17988208825801258123+88C	CMP             W2, #0          	C=1 N=0                                 	
0000134F	libhello_jni.so:std::string:::17988208825801258123+890	CSEL            W7, W6, W4, NE  	X7=000000005B3AB7B8                     	
0000134F	libhello_jni.so:std::string:::17988208825801258123+894	B               loc_73A6951154  	                                        	
0000134F	libhello_jni.so:loc_73A6951154	CMP             W7, W22         	C=0                                     	
0000134F	libhello_jni.so:std::string:::17988208825801258123+5B4	B.GT            loc_73A6951198  	                                        	
0000134F	libhello_jni.so:loc_73A6951198	CMP             W7, W13         	C=1                                     	
0000134F	libhello_jni.so:std::string:::17988208825801258123+5F8	B.GT            loc_73A69511D8  	                                        	
0000134F	libhello_jni.so:loc_73A69511D8	CMP             W7, W0          	                                        	
0000134F	libhello_jni.so:std::string:::17988208825801258123+638	B.LE            loc_73A69512E4  	                                        	
0000134F	libhello_jni.so:std::string:::17988208825801258123+63C	CMP             W7, W21         	                                        	
0000134F	libhello_jni.so:std::string:::17988208825801258123+640	B.EQ            loc_73A695139C  	                                        	
0000134F	libhello_jni.so:std::string:::17988208825801258123+644	CMP             W7, W6          	Z=1                                     	
0000134F	libhello_jni.so:std::string:::17988208825801258123+648	B.EQ            loc_73A6951470  	                                        	
0000134F	libhello_jni.so:loc_73A6951470	LDURB           W2, [X29,#-0x64]	X2=0000000000000065                     	
0000134F	libhello_jni.so:std::string:::17988208825801258123+8D0	LDURB           W3, [X29,#-0x68]	X3=000000000000008C                     	
0000134F	libhello_jni.so:std::string:::17988208825801258123+8D4	LDUR            W7, [X29,#-0x6C]	X7=00000000000000E9                     	
0000134F	libhello_jni.so:std::string:::17988208825801258123+8D8	LDUR            W30, [X29,#-0x6C]	X30=00000000000000E9                    	
0000134F	libhello_jni.so:std::string:::17988208825801258123+8DC	LDUR            X8, [X29,#-0x78]	X8=000000000000000E                     	
0000134F	libhello_jni.so:std::string:::17988208825801258123+8E0	BIC             W1, W2, W3      	X1=0000000000000061                     	
0000134F	libhello_jni.so:std::string:::17988208825801258123+8E4	BIC             W3, W3, W2      	X3=0000000000000088                     	
0000134F	libhello_jni.so:std::string:::17988208825801258123+8E8	MOV             X9, X5          	X9=00000073A6FCF920                     	
0000134F	libhello_jni.so:std::string:::17988208825801258123+8EC	BIC             W5, W30, W2     	X5=0000000000000088                     	
0000134F	libhello_jni.so:std::string:::17988208825801258123+8F0	BIC             W2, W2, W30     	X2=0000000000000004                     	
0000134F	libhello_jni.so:std::string:::17988208825801258123+8F4	ORR             W1, W1, W3      	X1=00000000000000E9                     	
0000134F	libhello_jni.so:std::string:::17988208825801258123+8F8	ORR             W2, W5, W2      	X2=000000000000008C                     	
0000134F	libhello_jni.so:std::string:::17988208825801258123+8FC	ADD             W1, W1, W7      	X1=00000000000001D2                     	
0000134F	libhello_jni.so:std::string:::17988208825801258123+900	BIC             W3, W1, W2      	X3=0000000000000152                     	
0000134F	libhello_jni.so:std::string:::17988208825801258123+904	BIC             W1, W2, W1      	X1=000000000000000C                     	
0000134F	libhello_jni.so:std::string:::17988208825801258123+908	MOV             X5, X9          	X5=00000073A6FCF920                     	
0000134F	libhello_jni.so:std::string:::17988208825801258123+90C	ORR             W1, W3, W1      	X1=000000000000015E                     	
0000134F	libhello_jni.so:std::string:::17988208825801258123+910	STRB            W1, [X5,X8]     	                                        	
0000134F	libhello_jni.so:std::string:::17988208825801258123+914	LDUR            W8, [X29,#-0x5C]	                                        	
0000134F	libhello_jni.so:std::string:::17988208825801258123+918	LDR             W2, [X19]       	X2=0000000000000000                     	
0000134F	libhello_jni.so:std::string:::17988208825801258123+91C	MOV             W1, #0xBC18     	X1=000000000000BC18                     	
0000134F	libhello_jni.so:std::string:::17988208825801258123+920	MOVK            W1, #0x9609,LSL#16	X1=000000009609BC18                     	
0000134F	libhello_jni.so:std::string:::17988208825801258123+924	ADD             W8, W8, #1      	X8=000000000000000F                     	
0000134F	libhello_jni.so:std::string:::17988208825801258123+928	LDR             W3, [X20]       	X3=0000000000000000                     	
0000134F	libhello_jni.so:std::string:::17988208825801258123+92C	STUR            W8, [X29,#-0x60]	                                        	
0000134F	libhello_jni.so:std::string:::17988208825801258123+930	SUB             W8, W2, #1      	X8=00000000FFFFFFFF                     	
0000134F	libhello_jni.so:std::string:::17988208825801258123+934	ORN             W1, W1, W1      	X1=00000000FFFFFFFF                     	
0000134F	libhello_jni.so:std::string:::17988208825801258123+938	MADD            W8, W8, W2, WZR 	X8=0000000000000000                     	
0000134F	libhello_jni.so:std::string:::17988208825801258123+93C	AND             W8, W8, W1      	                                        	
0000134F	libhello_jni.so:std::string:::17988208825801258123+940	TST             W8, #1          	C=0                                     	
0000134F	libhello_jni.so:std::string:::17988208825801258123+944	CSET            W8, EQ          	X8=0000000000000001                     	
0000134F	libhello_jni.so:std::string:::17988208825801258123+948	CMP             W3, #0xA        	Z=0 N=1                                 	
0000134F	libhello_jni.so:std::string:::17988208825801258123+94C	CSET            W1, LT          	X1=0000000000000001                     	
0000134F	libhello_jni.so:std::string:::17988208825801258123+950	AND             W2, W1, W8      	X2=0000000000000001                     	
0000134F	libhello_jni.so:std::string:::17988208825801258123+954	EOR             W8, W1, W8      	X8=0000000000000000                     	
0000134F	libhello_jni.so:std::string:::17988208825801258123+958	ORR             W8, W2, W8      	X8=0000000000000001                     	
0000134F	libhello_jni.so:std::string:::17988208825801258123+95C	CMP             W8, #0          	C=1 N=0                                 	
0000134F	libhello_jni.so:std::string:::17988208825801258123+960	MOV             W8, #0x53F9     	X8=00000000000053F9                     	
0000134F	libhello_jni.so:std::string:::17988208825801258123+964	MOV             W9, #0x6A86     	X9=0000000000006A86                     	
0000134F	libhello_jni.so:std::string:::17988208825801258123+968	MOV             W1, #0x8ED3     	X1=0000000000008ED3                     	
0000134F	libhello_jni.so:std::string:::17988208825801258123+96C	MOVK            W8, #0x37B5,LSL#16	X8=0000000037B553F9                     	
0000134F	libhello_jni.so:std::string:::17988208825801258123+970	MOVK            W9, #0xF949,LSL#16	X9=00000000F9496A86                     	
0000134F	libhello_jni.so:std::string:::17988208825801258123+974	MOVK            W1, #0x2B5A,LSL#16	X1=000000002B5A8ED3                     	
0000134F	libhello_jni.so:std::string:::17988208825801258123+978	CSEL            W7, W8, W4, NE  	X7=0000000037B553F9                     	
0000134F	libhello_jni.so:std::string:::17988208825801258123+97C	B               loc_73A6951154  	                                        	
0000134F	libhello_jni.so:loc_73A6951154	CMP             W7, W22         	C=0                                     	
0000134F	libhello_jni.so:std::string:::17988208825801258123+5B4	B.GT            loc_73A6951198  	                                        	
0000134F	libhello_jni.so:loc_73A6951198	CMP             W7, W13         	N=1                                     	
0000134F	libhello_jni.so:std::string:::17988208825801258123+5F8	B.GT            loc_73A69511D8  	                                        	
0000134F	libhello_jni.so:std::string:::17988208825801258123+5FC	CMP             W7, W16         	C=1 N=0                                 	
0000134F	libhello_jni.so:std::string:::17988208825801258123+600	B.LE            loc_73A6951264  	                                        	
0000134F	libhello_jni.so:std::string:::17988208825801258123+604	CMP             W7, W11         	                                        	
0000134F	libhello_jni.so:std::string:::17988208825801258123+608	B.EQ            loc_73A695136C  	                                        	
0000134F	libhello_jni.so:std::string:::17988208825801258123+60C	CMP             W7, W1          	                                        	
0000134F	libhello_jni.so:std::string:::17988208825801258123+610	B.EQ            loc_73A6951448  	                                        	
0000134F	libhello_jni.so:std::string:::17988208825801258123+614	MOV             W8, #0x53F9     	X8=00000000000053F9                     	
0000134F	libhello_jni.so:std::string:::17988208825801258123+618	MOVK            W8, #0x37B5,LSL#16	X8=0000000037B553F9                     	
0000134F	libhello_jni.so:std::string:::17988208825801258123+61C	CMP             W7, W8          	Z=1                                     	
0000134F	libhello_jni.so:std::string:::17988208825801258123+620	B.NE            loc_73A6951154  	                                        	
0000134F	libhello_jni.so:std::string:::17988208825801258123+624	LDUR            W26, [X29,#-0x60]	X26=000000000000000F                    	
0000134F	libhello_jni.so:std::string:::17988208825801258123+628	MOV             W7, #0x8ED3     	X7=0000000000008ED3                     	
0000134F	libhello_jni.so:std::string:::17988208825801258123+62C	MOVK            W7, #0x2B5A,LSL#16	X7=000000002B5A8ED3                     	
0000134F	libhello_jni.so:std::string:::17988208825801258123+630	B               loc_73A6951154  	                                        	
0000134F	libhello_jni.so:loc_73A6951154	CMP             W7, W22         	C=0 Z=0                                 	
0000134F	libhello_jni.so:std::string:::17988208825801258123+5B4	B.GT            loc_73A6951198  	                                        	
0000134F	libhello_jni.so:loc_73A6951198	CMP             W7, W13         	N=1                                     	
0000134F	libhello_jni.so:std::string:::17988208825801258123+5F8	B.GT            loc_73A69511D8  	                                        	
0000134F	libhello_jni.so:std::string:::17988208825801258123+5FC	CMP             W7, W16         	C=1 N=0                                 	
0000134F	libhello_jni.so:std::string:::17988208825801258123+600	B.LE            loc_73A6951264  	                                        	
0000134F	libhello_jni.so:std::string:::17988208825801258123+604	CMP             W7, W11         	                                        	
0000134F	libhello_jni.so:std::string:::17988208825801258123+608	B.EQ            loc_73A695136C  	                                        	
0000134F	libhello_jni.so:std::string:::17988208825801258123+60C	CMP             W7, W1          	Z=1                                     	
0000134F	libhello_jni.so:std::string:::17988208825801258123+610	B.EQ            loc_73A6951448  	                                        	
0000134F	libhello_jni.so:loc_73A6951448	STUR            W26, [X29,#-0x5C]	                                        	
0000134F	libhello_jni.so:std::string:::17988208825801258123+8A8	LDURSW          X2, [X29,#-0x5C]	X2=000000000000000F                     	
0000134F	libhello_jni.so:std::string:::17988208825801258123+8AC	STUR            X2, [X29,#-0x78]	                                        	
0000134F	libhello_jni.so:std::string:::17988208825801258123+8B0	LDUR            X2, [X29,#-0x78]	                                        	
0000134F	libhello_jni.so:std::string:::17988208825801258123+8B4	LDUR            X8, [X29,#-0x98]	X8=0000000000000010                     	
0000134F	libhello_jni.so:std::string:::17988208825801258123+8B8	CMP             X2, X8          	C=0 Z=0 N=1                             	
0000134F	libhello_jni.so:std::string:::17988208825801258123+8BC	MOV             W8, #0x25D7     	X8=00000000000025D7                     	
0000134F	libhello_jni.so:std::string:::17988208825801258123+8C0	MOVK            W8, #0x4289,LSL#16	X8=00000000428925D7                     	
0000134F	libhello_jni.so:std::string:::17988208825801258123+8C4	CSEL            W7, W11, W8, CC 	X7=000000001C107584                     	
0000134F	libhello_jni.so:std::string:::17988208825801258123+8C8	B               loc_73A6951154  	                                        	
0000134F	libhello_jni.so:loc_73A6951154	CMP             W7, W22         	N=0                                     	
0000134F	libhello_jni.so:std::string:::17988208825801258123+5B4	B.GT            loc_73A6951198  	                                        	
0000134F	libhello_jni.so:loc_73A6951198	CMP             W7, W13         	N=1                                     	
0000134F	libhello_jni.so:std::string:::17988208825801258123+5F8	B.GT            loc_73A69511D8  	                                        	
0000134F	libhello_jni.so:std::string:::17988208825801258123+5FC	CMP             W7, W16         	C=1 N=0                                 	
0000134F	libhello_jni.so:std::string:::17988208825801258123+600	B.LE            loc_73A6951264  	                                        	
0000134F	libhello_jni.so:std::string:::17988208825801258123+604	CMP             W7, W11         	Z=1                                     	
0000134F	libhello_jni.so:std::string:::17988208825801258123+608	B.EQ            loc_73A695136C  	                                        	
0000134F	libhello_jni.so:loc_73A695136C	LDUR            W2, [X29,#-0x5C]	                                        	
0000134F	libhello_jni.so:std::string:::17988208825801258123+7CC	LDUR            X3, [X29,#-0x88]	X3=0000007FE7462420                     	
0000134F	libhello_jni.so:std::string:::17988208825801258123+7D0	MOV             W8, #0x87B1     	X8=00000000000087B1                     	
0000134F	libhello_jni.so:std::string:::17988208825801258123+7D4	MOVK            W8, #0x786F,LSL#16	X8=00000000786F87B1                     	
0000134F	libhello_jni.so:std::string:::17988208825801258123+7D8	ORN             W7, W8, W8      	X7=00000000FFFFFFFF                     	
0000134F	libhello_jni.so:std::string:::17988208825801258123+7DC	AND             W2, W2, #0xF    	                                        	
0000134F	libhello_jni.so:std::string:::17988208825801258123+7E0	AND             X2, X2, X7      	                                        	
0000134F	libhello_jni.so:std::string:::17988208825801258123+7E4	LDRB            W2, [X3,X2]     	X2=000000000000005A                     	
0000134F	libhello_jni.so:std::string:::17988208825801258123+7E8	MOV             W7, #0xB514     	X7=000000000000B514                     	
0000134F	libhello_jni.so:std::string:::17988208825801258123+7EC	MOVK            W7, #0x1579,LSL#16	X7=000000001579B514                     	
0000134F	libhello_jni.so:std::string:::17988208825801258123+7F0	STURB           W2, [X29,#-0x70]	                                        	
0000134F	libhello_jni.so:std::string:::17988208825801258123+7F4	B               loc_73A6951154  	                                        	
0000134F	libhello_jni.so:loc_73A6951154	CMP             W7, W22         	C=0 Z=0                                 	
0000134F	libhello_jni.so:std::string:::17988208825801258123+5B4	B.GT            loc_73A6951198  	                                        	
0000134F	libhello_jni.so:loc_73A6951198	CMP             W7, W13         	N=1                                     	
0000134F	libhello_jni.so:std::string:::17988208825801258123+5F8	B.GT            loc_73A69511D8  	                                        	
0000134F	libhello_jni.so:std::string:::17988208825801258123+5FC	CMP             W7, W16         	                                        	
0000134F	libhello_jni.so:std::string:::17988208825801258123+600	B.LE            loc_73A6951264  	                                        	
0000134F	libhello_jni.so:loc_73A6951264	CMP             W7, W9          	N=0                                     	
0000134F	libhello_jni.so:std::string:::17988208825801258123+6C4	B.EQ            loc_73A69515B0  	                                        	
0000134F	libhello_jni.so:std::string:::17988208825801258123+6C8	MOV             W8, #0xB514     	X8=000000000000B514                     	
0000134F	libhello_jni.so:std::string:::17988208825801258123+6CC	MOVK            W8, #0x1579,LSL#16	X8=000000001579B514                     	
0000134F	libhello_jni.so:std::string:::17988208825801258123+6D0	CMP             W7, W8          	C=1 Z=1                                 	
0000134F	libhello_jni.so:std::string:::17988208825801258123+6D4	B.NE            loc_73A6951154  	                                        	
0000134F	libhello_jni.so:std::string:::17988208825801258123+6D8	LDUR            X2, [X29,#-0x78]	X2=000000000000000F                     	
0000134F	libhello_jni.so:std::string:::17988208825801258123+6DC	LDUR            X8, [X29,#-0xA0]	X8=00000074396C5200                     	
0000134F	libhello_jni.so:std::string:::17988208825801258123+6E0	MOV             W30, #0x25      	X30=0000000000000025                    	
0000134F	libhello_jni.so:std::string:::17988208825801258123+6E4	LDRB            W2, [X8,X2]     	X2=0000000000000066                     	
0000134F	libhello_jni.so:std::string:::17988208825801258123+6E8	LDURB           W3, [X29,#-0x70]	X3=000000000000005A                     	
0000134F	libhello_jni.so:std::string:::17988208825801258123+6EC	MOV             W8, #0xDA       	X8=00000000000000DA                     	
0000134F	libhello_jni.so:std::string:::17988208825801258123+6F0	BIC             W7, W8, W2      	X7=0000000000000098                     	
0000134F	libhello_jni.so:std::string:::17988208825801258123+6F4	STUR            W3, [X29,#-0x6C]	                                        	
0000134F	libhello_jni.so:std::string:::17988208825801258123+6F8	LDUR            W3, [X29,#-0x6C]	                                        	
0000134F	libhello_jni.so:std::string:::17988208825801258123+6FC	AND             W2, W2, W30     	X2=0000000000000024                     	
0000134F	libhello_jni.so:std::string:::17988208825801258123+700	ORR             W2, W7, W2      	X2=00000000000000BC                     	
0000134F	libhello_jni.so:std::string:::17988208825801258123+704	BIC             W7, W8, W3      	X7=0000000000000080                     	
0000134F	libhello_jni.so:std::string:::17988208825801258123+708	AND             W3, W3, W30     	X3=0000000000000000                     	
0000134F	libhello_jni.so:std::string:::17988208825801258123+70C	ORR             W3, W7, W3      	X3=0000000000000080                     	
0000134F	libhello_jni.so:std::string:::17988208825801258123+710	EOR             W2, W2, W3      	X2=000000000000003C                     	
0000134F	libhello_jni.so:std::string:::17988208825801258123+714	STURB           W2, [X29,#-0x68]	                                        	
0000134F	libhello_jni.so:std::string:::17988208825801258123+718	LDUR            W2, [X29,#-0x5C]	X2=000000000000000F                     	
0000134F	libhello_jni.so:std::string:::17988208825801258123+71C	ADRP            X8, #a9d9107e02f0f07@PAGE; \"9d9107e02f0f07984956767ab1ac87e5\"	X8=00000073A697B000                     	
0000134F	libhello_jni.so:std::string:::17988208825801258123+720	ADD             X8, X8, #a9d9107e02f0f07@PAGEOFF; \"9d9107e02f0f07984956767ab1ac87e5\"	X8=00000073A697B1A0                     	
0000134F	libhello_jni.so:std::string:::17988208825801258123+724	MOV             W7, #0x4E09     	X7=0000000000004E09                     	
0000134F	libhello_jni.so:std::string:::17988208825801258123+728	EOR             W3, W2, #0xFFFFFFF8	X3=00000000FFFFFFF7                     	
0000134F	libhello_jni.so:std::string:::17988208825801258123+72C	AND             X2, X3, X2      	X2=0000000000000007                     	
0000134F	libhello_jni.so:std::string:::17988208825801258123+730	LDRB            W2, [X8,X2]     	X2=0000000000000030                     	
0000134F	libhello_jni.so:std::string:::17988208825801258123+734	MOVK            W7, #0x980E,LSL#16	X7=00000000980E4E09                     	
0000134F	libhello_jni.so:std::string:::17988208825801258123+738	STURB           W2, [X29,#-0x64]	                                        	
0000134F	libhello_jni.so:std::string:::17988208825801258123+73C	B               loc_73A6951154  	                                        	
0000134F	libhello_jni.so:loc_73A6951154	CMP             W7, W22         	C=0 Z=0 N=1                             	
0000134F	libhello_jni.so:std::string:::17988208825801258123+5B4	B.GT            loc_73A6951198  	                                        	
0000134F	libhello_jni.so:std::string:::17988208825801258123+5B8	CMP             W7, W23         	                                        	
0000134F	libhello_jni.so:std::string:::17988208825801258123+5BC	B.LE            loc_73A695120C  	                                        	
0000134F	libhello_jni.so:loc_73A695120C	CMP             W7, W24         	C=1 N=0                                 	
0000134F	libhello_jni.so:std::string:::17988208825801258123+66C	B.LE            loc_73A6951350  	                                        	
0000134F	libhello_jni.so:std::string:::17988208825801258123+670	CMP             W7, W25         	Z=1                                     	
0000134F	libhello_jni.so:std::string:::17988208825801258123+674	B.EQ            loc_73A69513F4  	                                        	
0000134F	libhello_jni.so:loc_73A69513F4	LDR             W2, [X20]       	X2=0000000000000000                     	
0000134F	libhello_jni.so:std::string:::17988208825801258123+854	LDR             W3, [X19]       	X3=0000000000000000                     	
0000134F	libhello_jni.so:std::string:::17988208825801258123+858	MOV             W8, #0xF041     	X8=000000000000F041                     	
0000134F	libhello_jni.so:std::string:::17988208825801258123+85C	MOVK            W8, #0xD335,LSL#16	X8=00000000D335F041                     	
0000134F	libhello_jni.so:std::string:::17988208825801258123+860	CMP             W2, #9          	C=0 Z=0 N=1                             	
0000134F	libhello_jni.so:std::string:::17988208825801258123+864	SUB             W2, W3, #1      	X2=00000000FFFFFFFF                     	
0000134F	libhello_jni.so:std::string:::17988208825801258123+868	ORN             W7, W8, W8      	X7=00000000FFFFFFFF                     	
0000134F	libhello_jni.so:std::string:::17988208825801258123+86C	MADD            W2, W2, W3, WZR 	X2=0000000000000000                     	
0000134F	libhello_jni.so:std::string:::17988208825801258123+870	AND             W2, W2, W7      	                                        	
0000134F	libhello_jni.so:std::string:::17988208825801258123+874	CSET            W3, GT          	                                        	
0000134F	libhello_jni.so:std::string:::17988208825801258123+878	AND             W2, W2, #1      	                                        	
0000134F	libhello_jni.so:std::string:::17988208825801258123+87C	EOR             W7, W3, W2      	X7=0000000000000000                     	
0000134F	libhello_jni.so:std::string:::17988208825801258123+880	ORR             W2, W3, W2      	                                        	
0000134F	libhello_jni.so:std::string:::17988208825801258123+884	EOR             W2, W2, #1      	X2=0000000000000001                     	
0000134F	libhello_jni.so:std::string:::17988208825801258123+888	ORR             W2, W7, W2      	                                        	
0000134F	libhello_jni.so:std::string:::17988208825801258123+88C	CMP             W2, #0          	C=1 N=0                                 	
0000134F	libhello_jni.so:std::string:::17988208825801258123+890	CSEL            W7, W6, W4, NE  	X7=000000005B3AB7B8                     	
0000134F	libhello_jni.so:std::string:::17988208825801258123+894	B               loc_73A6951154  	                                        	
0000134F	libhello_jni.so:loc_73A6951154	CMP             W7, W22         	C=0                                     	
0000134F	libhello_jni.so:std::string:::17988208825801258123+5B4	B.GT            loc_73A6951198  	                                        	
0000134F	libhello_jni.so:loc_73A6951198	CMP             W7, W13         	C=1                                     	
0000134F	libhello_jni.so:std::string:::17988208825801258123+5F8	B.GT            loc_73A69511D8  	                                        	
0000134F	libhello_jni.so:loc_73A69511D8	CMP             W7, W0          	                                        	
0000134F	libhello_jni.so:std::string:::17988208825801258123+638	B.LE            loc_73A69512E4  	                                        	
0000134F	libhello_jni.so:std::string:::17988208825801258123+63C	CMP             W7, W21         	                                        	
0000134F	libhello_jni.so:std::string:::17988208825801258123+640	B.EQ            loc_73A695139C  	                                        	
0000134F	libhello_jni.so:std::string:::17988208825801258123+644	CMP             W7, W6          	Z=1                                     	
0000134F	libhello_jni.so:std::string:::17988208825801258123+648	B.EQ            loc_73A6951470  	                                        	
0000134F	libhello_jni.so:loc_73A6951470	LDURB           W2, [X29,#-0x64]	X2=0000000000000030                     	
0000134F	libhello_jni.so:std::string:::17988208825801258123+8D0	LDURB           W3, [X29,#-0x68]	X3=000000000000003C                     	
0000134F	libhello_jni.so:std::string:::17988208825801258123+8D4	LDUR            W7, [X29,#-0x6C]	X7=000000000000005A                     	
0000134F	libhello_jni.so:std::string:::17988208825801258123+8D8	LDUR            W30, [X29,#-0x6C]	X30=000000000000005A                    	
0000134F	libhello_jni.so:std::string:::17988208825801258123+8DC	LDUR            X8, [X29,#-0x78]	X8=000000000000000F                     	
0000134F	libhello_jni.so:std::string:::17988208825801258123+8E0	BIC             W1, W2, W3      	X1=0000000000000000                     	
0000134F	libhello_jni.so:std::string:::17988208825801258123+8E4	BIC             W3, W3, W2      	X3=000000000000000C                     	
0000134F	libhello_jni.so:std::string:::17988208825801258123+8E8	MOV             X9, X5          	X9=00000073A6FCF920                     	
0000134F	libhello_jni.so:std::string:::17988208825801258123+8EC	BIC             W5, W30, W2     	X5=000000000000004A                     	
0000134F	libhello_jni.so:std::string:::17988208825801258123+8F0	BIC             W2, W2, W30     	X2=0000000000000020                     	
0000134F	libhello_jni.so:std::string:::17988208825801258123+8F4	ORR             W1, W1, W3      	X1=000000000000000C                     	
0000134F	libhello_jni.so:std::string:::17988208825801258123+8F8	ORR             W2, W5, W2      	X2=000000000000006A                     	
0000134F	libhello_jni.so:std::string:::17988208825801258123+8FC	ADD             W1, W1, W7      	X1=0000000000000066                     	
0000134F	libhello_jni.so:std::string:::17988208825801258123+900	BIC             W3, W1, W2      	X3=0000000000000004                     	
0000134F	libhello_jni.so:std::string:::17988208825801258123+904	BIC             W1, W2, W1      	X1=0000000000000008                     	
0000134F	libhello_jni.so:std::string:::17988208825801258123+908	MOV             X5, X9          	X5=00000073A6FCF920                     	
0000134F	libhello_jni.so:std::string:::17988208825801258123+90C	ORR             W1, W3, W1      	X1=000000000000000C                     	
0000134F	libhello_jni.so:std::string:::17988208825801258123+910	STRB            W1, [X5,X8]     	                                        	
0000134F	libhello_jni.so:std::string:::17988208825801258123+914	LDUR            W8, [X29,#-0x5C]	                                        	
0000134F	libhello_jni.so:std::string:::17988208825801258123+918	LDR             W2, [X19]       	X2=0000000000000000                     	
0000134F	libhello_jni.so:std::string:::17988208825801258123+91C	MOV             W1, #0xBC18     	X1=000000000000BC18                     	
0000134F	libhello_jni.so:std::string:::17988208825801258123+920	MOVK            W1, #0x9609,LSL#16	X1=000000009609BC18                     	
0000134F	libhello_jni.so:std::string:::17988208825801258123+924	ADD             W8, W8, #1      	X8=0000000000000010                     	
0000134F	libhello_jni.so:std::string:::17988208825801258123+928	LDR             W3, [X20]       	X3=0000000000000000                     	
0000134F	libhello_jni.so:std::string:::17988208825801258123+92C	STUR            W8, [X29,#-0x60]	                                        	
0000134F	libhello_jni.so:std::string:::17988208825801258123+930	SUB             W8, W2, #1      	X8=00000000FFFFFFFF                     	
0000134F	libhello_jni.so:std::string:::17988208825801258123+934	ORN             W1, W1, W1      	X1=00000000FFFFFFFF                     	
0000134F	libhello_jni.so:std::string:::17988208825801258123+938	MADD            W8, W8, W2, WZR 	X8=0000000000000000                     	
0000134F	libhello_jni.so:std::string:::17988208825801258123+93C	AND             W8, W8, W1      	                                        	
0000134F	libhello_jni.so:std::string:::17988208825801258123+940	TST             W8, #1          	C=0                                     	
0000134F	libhello_jni.so:std::string:::17988208825801258123+944	CSET            W8, EQ          	X8=0000000000000001                     	
0000134F	libhello_jni.so:std::string:::17988208825801258123+948	CMP             W3, #0xA        	Z=0 N=1                                 	
0000134F	libhello_jni.so:std::string:::17988208825801258123+94C	CSET            W1, LT          	X1=0000000000000001                     	
0000134F	libhello_jni.so:std::string:::17988208825801258123+950	AND             W2, W1, W8      	X2=0000000000000001                     	
0000134F	libhello_jni.so:std::string:::17988208825801258123+954	EOR             W8, W1, W8      	X8=0000000000000000                     	
0000134F	libhello_jni.so:std::string:::17988208825801258123+958	ORR             W8, W2, W8      	X8=0000000000000001                     	
0000134F	libhello_jni.so:std::string:::17988208825801258123+95C	CMP             W8, #0          	C=1 N=0                                 	
0000134F	libhello_jni.so:std::string:::17988208825801258123+960	MOV             W8, #0x53F9     	X8=00000000000053F9                     	
0000134F	libhello_jni.so:std::string:::17988208825801258123+964	MOV             W9, #0x6A86     	X9=0000000000006A86                     	
0000134F	libhello_jni.so:std::string:::17988208825801258123+968	MOV             W1, #0x8ED3     	X1=0000000000008ED3                     	
0000134F	libhello_jni.so:std::string:::17988208825801258123+96C	MOVK            W8, #0x37B5,LSL#16	X8=0000000037B553F9                     	
0000134F	libhello_jni.so:std::string:::17988208825801258123+970	MOVK            W9, #0xF949,LSL#16	X9=00000000F9496A86                     	
0000134F	libhello_jni.so:std::string:::17988208825801258123+974	MOVK            W1, #0x2B5A,LSL#16	X1=000000002B5A8ED3                     	
0000134F	libhello_jni.so:std::string:::17988208825801258123+978	CSEL            W7, W8, W4, NE  	X7=0000000037B553F9                     	
0000134F	libhello_jni.so:std::string:::17988208825801258123+97C	B               loc_73A6951154  	                                        	
0000134F	libhello_jni.so:loc_73A6951154	CMP             W7, W22         	C=0                                     	
0000134F	libhello_jni.so:std::string:::17988208825801258123+5B4	B.GT            loc_73A6951198  	                                        	
0000134F	libhello_jni.so:loc_73A6951198	CMP             W7, W13         	N=1                                     	
0000134F	libhello_jni.so:std::string:::17988208825801258123+5F8	B.GT            loc_73A69511D8  	                                        	
0000134F	libhello_jni.so:std::string:::17988208825801258123+5FC	CMP             W7, W16         	C=1 N=0                                 	
0000134F	libhello_jni.so:std::string:::17988208825801258123+600	B.LE            loc_73A6951264  	                                        	
0000134F	libhello_jni.so:std::string:::17988208825801258123+604	CMP             W7, W11         	                                        	
0000134F	libhello_jni.so:std::string:::17988208825801258123+608	B.EQ            loc_73A695136C  	                                        	
0000134F	libhello_jni.so:std::string:::17988208825801258123+60C	CMP             W7, W1          	                                        	
0000134F	libhello_jni.so:std::string:::17988208825801258123+610	B.EQ            loc_73A6951448  	                                        	
0000134F	libhello_jni.so:std::string:::17988208825801258123+614	MOV             W8, #0x53F9     	X8=00000000000053F9                     	
0000134F	libhello_jni.so:std::string:::17988208825801258123+618	MOVK            W8, #0x37B5,LSL#16	X8=0000000037B553F9                     	
0000134F	libhello_jni.so:std::string:::17988208825801258123+61C	CMP             W7, W8          	Z=1                                     	
0000134F	libhello_jni.so:std::string:::17988208825801258123+620	B.NE            loc_73A6951154  	                                        	
0000134F	libhello_jni.so:std::string:::17988208825801258123+624	LDUR            W26, [X29,#-0x60]	X26=0000000000000010                    	
0000134F	libhello_jni.so:std::string:::17988208825801258123+628	MOV             W7, #0x8ED3     	X7=0000000000008ED3                     	
0000134F	libhello_jni.so:std::string:::17988208825801258123+62C	MOVK            W7, #0x2B5A,LSL#16	X7=000000002B5A8ED3                     	
0000134F	libhello_jni.so:std::string:::17988208825801258123+630	B               loc_73A6951154  	                                        	
0000134F	libhello_jni.so:loc_73A6951154	CMP             W7, W22         	C=0 Z=0                                 	
0000134F	libhello_jni.so:std::string:::17988208825801258123+5B4	B.GT            loc_73A6951198  	                                        	
0000134F	libhello_jni.so:loc_73A6951198	CMP             W7, W13         	N=1                                     	
0000134F	libhello_jni.so:std::string:::17988208825801258123+5F8	B.GT            loc_73A69511D8  	                                        	
0000134F	libhello_jni.so:std::string:::17988208825801258123+5FC	CMP             W7, W16         	C=1 N=0                                 	
0000134F	libhello_jni.so:std::string:::17988208825801258123+600	B.LE            loc_73A6951264  	                                        	
0000134F	libhello_jni.so:std::string:::17988208825801258123+604	CMP             W7, W11         	                                        	
0000134F	libhello_jni.so:std::string:::17988208825801258123+608	B.EQ            loc_73A695136C  	                                        	
0000134F	libhello_jni.so:std::string:::17988208825801258123+60C	CMP             W7, W1          	Z=1                                     	
0000134F	libhello_jni.so:std::string:::17988208825801258123+610	B.EQ            loc_73A6951448  	                                        	
0000134F	libhello_jni.so:loc_73A6951448	STUR            W26, [X29,#-0x5C]	                                        	
0000134F	libhello_jni.so:std::string:::17988208825801258123+8A8	LDURSW          X2, [X29,#-0x5C]	X2=0000000000000010                     	
0000134F	libhello_jni.so:std::string:::17988208825801258123+8AC	STUR            X2, [X29,#-0x78]	                                        	
0000134F	libhello_jni.so:std::string:::17988208825801258123+8B0	LDUR            X2, [X29,#-0x78]	                                        	
0000134F	libhello_jni.so:std::string:::17988208825801258123+8B4	LDUR            X8, [X29,#-0x98]	X8=0000000000000010                     	
0000134F	libhello_jni.so:std::string:::17988208825801258123+8B8	CMP             X2, X8          	                                        	
0000134F	libhello_jni.so:std::string:::17988208825801258123+8BC	MOV             W8, #0x25D7     	X8=00000000000025D7                     	
0000134F	libhello_jni.so:std::string:::17988208825801258123+8C0	MOVK            W8, #0x4289,LSL#16	X8=00000000428925D7                     	
0000134F	libhello_jni.so:std::string:::17988208825801258123+8C4	CSEL            W7, W11, W8, CC 	X7=00000000428925D7                     	
0000134F	libhello_jni.so:std::string:::17988208825801258123+8C8	B               loc_73A6951154  	                                        	
0000134F	libhello_jni.so:loc_73A6951154	CMP             W7, W22         	C=0 Z=0                                 	
0000134F	libhello_jni.so:std::string:::17988208825801258123+5B4	B.GT            loc_73A6951198  	                                        	
0000134F	libhello_jni.so:loc_73A6951198	CMP             W7, W13         	C=1                                     	
0000134F	libhello_jni.so:std::string:::17988208825801258123+5F8	B.GT            loc_73A69511D8  	                                        	
0000134F	libhello_jni.so:loc_73A69511D8	CMP             W7, W0          	C=0 N=1                                 	
0000134F	libhello_jni.so:std::string:::17988208825801258123+638	B.LE            loc_73A69512E4  	                                        	
0000134F	libhello_jni.so:loc_73A69512E4	MOV             W8, #0x1326     	X8=0000000000001326                     	
0000134F	libhello_jni.so:std::string:::17988208825801258123+744	MOVK            W8, #0x40DA,LSL#16	X8=0000000040DA1326                     	
0000134F	libhello_jni.so:std::string:::17988208825801258123+748	CMP             W7, W8          	C=1 N=0                                 	
0000134F	libhello_jni.so:std::string:::17988208825801258123+74C	B.EQ            loc_73A6951604  	                                        	
0000134F	libhello_jni.so:std::string:::17988208825801258123+750	MOV             W8, #0x25D7     	X8=00000000000025D7                     	
0000134F	libhello_jni.so:std::string:::17988208825801258123+754	MOVK            W8, #0x4289,LSL#16	X8=00000000428925D7                     	
0000134F	libhello_jni.so:std::string:::17988208825801258123+758	CMP             W7, W8          	Z=1                                     	
0000134F	libhello_jni.so:std::string:::17988208825801258123+75C	B.NE            loc_73A6951154  	                                        	
0000134F	libhello_jni.so:std::string:::17988208825801258123+760	LDUR            X2, [X29,#-0x80]	X2=0000007FE7462420                     	
0000134F	libhello_jni.so:std::string:::17988208825801258123+764	LDR             W2, [X20]       	X2=0000000000000000                     	
0000134F	libhello_jni.so:std::string:::17988208825801258123+768	LDR             W7, [X19]       	X7=0000000000000000                     	
0000134F	libhello_jni.so:std::string:::17988208825801258123+76C	MOV             W8, #0xDF09     	X8=000000000000DF09                     	
0000134F	libhello_jni.so:std::string:::17988208825801258123+770	MOVK            W8, #0xA5E7,LSL#16	X8=00000000A5E7DF09                     	
0000134F	libhello_jni.so:std::string:::17988208825801258123+774	CMP             W2, #9          	C=0 Z=0 N=1                             	
0000134F	libhello_jni.so:std::string:::17988208825801258123+778	SUB             W2, W7, #1      	X2=00000000FFFFFFFF                     	
0000134F	libhello_jni.so:std::string:::17988208825801258123+77C	ORN             W30, W8, W8     	X30=00000000FFFFFFFF                    	
0000134F	libhello_jni.so:std::string:::17988208825801258123+780	MADD            W2, W2, W7, WZR 	X2=0000000000000000                     	
0000134F	libhello_jni.so:std::string:::17988208825801258123+784	AND             W2, W2, W30     	                                        	
0000134F	libhello_jni.so:std::string:::17988208825801258123+788	CSET            W7, GT          	                                        	
0000134F	libhello_jni.so:std::string:::17988208825801258123+78C	AND             W2, W2, #1      	                                        	
0000134F	libhello_jni.so:std::string:::17988208825801258123+790	EOR             W30, W7, W2     	X30=0000000000000000                    	
0000134F	libhello_jni.so:std::string:::17988208825801258123+794	ORR             W2, W7, W2      	                                        	
0000134F	libhello_jni.so:std::string:::17988208825801258123+798	EOR             W2, W2, #1      	X2=0000000000000001                     	
0000134F	libhello_jni.so:std::string:::17988208825801258123+79C	ORR             W2, W30, W2     	                                        	
0000134F	libhello_jni.so:std::string:::17988208825801258123+7A0	CMP             W2, #0          	C=1 N=0                                 	
0000134F	libhello_jni.so:std::string:::17988208825801258123+7A4	CSEL            W7, W12, W17, NE	X7=00000000C450E826                     	
0000134F	libhello_jni.so:std::string:::17988208825801258123+7A8	B               loc_73A6951154  	                                        	
0000134F	libhello_jni.so:loc_73A6951154	CMP             W7, W22         	C=0 N=1                                 	
0000134F	libhello_jni.so:std::string:::17988208825801258123+5B4	B.GT            loc_73A6951198  	                                        	
0000134F	libhello_jni.so:std::string:::17988208825801258123+5B8	CMP             W7, W23         	C=1 N=0                                 	
0000134F	libhello_jni.so:std::string:::17988208825801258123+5BC	B.LE            loc_73A695120C  	                                        	
0000134F	libhello_jni.so:std::string:::17988208825801258123+5C0	CMP             W7, W27         	C=0 N=1                                 	
0000134F	libhello_jni.so:std::string:::17988208825801258123+5C4	B.LE            loc_73A6951238  	                                        	
0000134F	libhello_jni.so:loc_73A6951238	CMP             W7, W12         	C=1 Z=1 N=0                             	
0000134F	libhello_jni.so:std::string:::17988208825801258123+698	B.EQ            loc_73A6951114  	                                        	
0000134F	libhello_jni.so:loc_73A6951114	LDR             W2, [X19]       	X2=0000000000000000                     	
0000134F	libhello_jni.so:std::string:::17988208825801258123+574	LDR             W7, [X20]       	X7=0000000000000000                     	
0000134F	libhello_jni.so:std::string:::17988208825801258123+578	NEG             W30, W2         	                                        	
0000134F	libhello_jni.so:std::string:::17988208825801258123+57C	MVN             W30, W30        	X30=00000000FFFFFFFF                    	
0000134F	libhello_jni.so:std::string:::17988208825801258123+580	MADD            W2, W30, W2, WZR	                                        	
0000134F	libhello_jni.so:std::string:::17988208825801258123+584	EOR             W30, W2, #0xFFFFFFFE	X30=00000000FFFFFFFE                    	
0000134F	libhello_jni.so:std::string:::17988208825801258123+588	TST             W30, W2         	C=0                                     	
0000134F	libhello_jni.so:std::string:::17988208825801258123+58C	CSET            W2, NE          	                                        	
0000134F	libhello_jni.so:std::string:::17988208825801258123+590	CMP             W7, #9          	Z=0 N=1                                 	
0000134F	libhello_jni.so:std::string:::17988208825801258123+594	CSET            W7, GT          	                                        	
0000134F	libhello_jni.so:std::string:::17988208825801258123+598	EOR             W30, W7, W2     	X30=0000000000000000                    	
0000134F	libhello_jni.so:std::string:::17988208825801258123+59C	ORR             W2, W7, W2      	                                        	
0000134F	libhello_jni.so:std::string:::17988208825801258123+5A0	EOR             W2, W2, #1      	X2=0000000000000001                     	
0000134F	libhello_jni.so:std::string:::17988208825801258123+5A4	ORR             W2, W30, W2     	                                        	
0000134F	libhello_jni.so:std::string:::17988208825801258123+5A8	CMP             W2, #0          	C=1 N=0                                 	
0000134F	libhello_jni.so:std::string:::17988208825801258123+5AC	CSEL            W7, W28, W17, NE	X7=00000000D0B94297                     	
0000134F	libhello_jni.so:loc_73A6951154	CMP             W7, W22         	C=0 N=1                                 	
0000134F	libhello_jni.so:std::string:::17988208825801258123+5B4	B.GT            loc_73A6951198  	                                        	
0000134F	libhello_jni.so:std::string:::17988208825801258123+5B8	CMP             W7, W23         	C=1 N=0                                 	
0000134F	libhello_jni.so:std::string:::17988208825801258123+5BC	B.LE            loc_73A695120C  	                                        	
0000134F	libhello_jni.so:std::string:::17988208825801258123+5C0	CMP             W7, W27         	                                        	
0000134F	libhello_jni.so:std::string:::17988208825801258123+5C4	B.LE            loc_73A6951238  	                                        	
0000134F	libhello_jni.so:std::string:::17988208825801258123+5C8	CMP             W7, W28         	Z=1                                     	
0000134F	libhello_jni.so:std::string:::17988208825801258123+5CC	B.EQ            loc_73A695143C  	                                        	
0000134F	libhello_jni.so:loc_73A695143C	MOV             W7, #0x3B4C     	X7=0000000000003B4C                     	
0000134F	libhello_jni.so:std::string:::17988208825801258123+89C	MOVK            W7, #0x558D,LSL#16	X7=00000000558D3B4C                     	
0000134F	libhello_jni.so:std::string:::17988208825801258123+8A0	B               loc_73A6951154  	                                        	
0000134F	libhello_jni.so:loc_73A6951154	CMP             W7, W22         	C=0 Z=0                                 	
0000134F	libhello_jni.so:std::string:::17988208825801258123+5B4	B.GT            loc_73A6951198  	                                        	
0000134F	libhello_jni.so:loc_73A6951198	CMP             W7, W13         	C=1                                     	
0000134F	libhello_jni.so:std::string:::17988208825801258123+5F8	B.GT            loc_73A69511D8  	                                        	
0000134F	libhello_jni.so:loc_73A69511D8	CMP             W7, W0          	                                        	
0000134F	libhello_jni.so:std::string:::17988208825801258123+638	B.LE            loc_73A69512E4  	                                        	
0000134F	libhello_jni.so:std::string:::17988208825801258123+63C	CMP             W7, W21         	Z=1                                     	
0000134F	libhello_jni.so:std::string:::17988208825801258123+640	B.EQ            loc_73A695139C  	                                        	
0000134F	libhello_jni.so:loc_73A695139C	LDR             W2, [X19]       	X2=0000000000000000                     	
0000134F	libhello_jni.so:std::string:::17988208825801258123+7FC	MOV             W8, #0xBA9D     	X8=000000000000BA9D                     	
0000134F	libhello_jni.so:std::string:::17988208825801258123+800	LDR             W7, [X20]       	X7=0000000000000000                     	
0000134F	libhello_jni.so:std::string:::17988208825801258123+804	MOVK            W8, #0xC1C8,LSL#16	X8=00000000C1C8BA9D                     	
0000134F	libhello_jni.so:std::string:::17988208825801258123+808	SUB             W3, W2, #1      	X3=00000000FFFFFFFF                     	
0000134F	libhello_jni.so:std::string:::17988208825801258123+80C	ORN             W30, W8, W8     	X30=00000000FFFFFFFF                    	
0000134F	libhello_jni.so:std::string:::17988208825801258123+810	MADD            W2, W3, W2, WZR 	                                        	
0000134F	libhello_jni.so:std::string:::17988208825801258123+814	AND             W2, W2, W30     	                                        	
0000134F	libhello_jni.so:std::string:::17988208825801258123+818	TST             W2, #1          	C=0                                     	
0000134F	libhello_jni.so:std::string:::17988208825801258123+81C	AND             W3, W2, #1      	X3=0000000000000000                     	
0000134F	libhello_jni.so:std::string:::17988208825801258123+820	CSET            W2, EQ          	X2=0000000000000001                     	
0000134F	libhello_jni.so:std::string:::17988208825801258123+824	CMP             W7, #9          	Z=0 N=1                                 	
0000134F	libhello_jni.so:std::string:::17988208825801258123+828	CSET            W30, GT         	X30=0000000000000000                    	
0000134F	libhello_jni.so:std::string:::17988208825801258123+82C	CMP             W7, #0xA        	                                        	
0000134F	libhello_jni.so:std::string:::17988208825801258123+830	CSET            W7, LT          	X7=0000000000000001                     	
0000134F	libhello_jni.so:std::string:::17988208825801258123+834	ORR             W3, W30, W3     	                                        	
0000134F	libhello_jni.so:std::string:::17988208825801258123+838	EOR             W2, W7, W2      	X2=0000000000000000                     	
0000134F	libhello_jni.so:std::string:::17988208825801258123+83C	EOR             W3, W3, #1      	X3=0000000000000001                     	
0000134F	libhello_jni.so:std::string:::17988208825801258123+840	ORR             W2, W2, W3      	X2=0000000000000001                     	
0000134F	libhello_jni.so:std::string:::17988208825801258123+844	CMP             W2, #0          	C=1 N=0                                 	
0000134F	libhello_jni.so:std::string:::17988208825801258123+848	CSEL            W7, W15, W14, NE	X7=00000000A6C1EDCD                     	
0000134F	libhello_jni.so:std::string:::17988208825801258123+84C	B               loc_73A6951154  	                                        	
0000134F	libhello_jni.so:loc_73A6951154	CMP             W7, W22         	C=0 N=1                                 	
0000134F	libhello_jni.so:std::string:::17988208825801258123+5B4	B.GT            loc_73A6951198  	                                        	
0000134F	libhello_jni.so:std::string:::17988208825801258123+5B8	CMP             W7, W23         	                                        	
0000134F	libhello_jni.so:std::string:::17988208825801258123+5BC	B.LE            loc_73A695120C  	                                        	
0000134F	libhello_jni.so:loc_73A695120C	CMP             W7, W24         	C=1 N=0                                 	
0000134F	libhello_jni.so:std::string:::17988208825801258123+66C	B.LE            loc_73A6951350  	                                        	
0000134F	libhello_jni.so:std::string:::17988208825801258123+670	CMP             W7, W25         	                                        	
0000134F	libhello_jni.so:std::string:::17988208825801258123+674	B.EQ            loc_73A69513F4  	                                        	
0000134F	libhello_jni.so:std::string:::17988208825801258123+678	CMP             W7, W15         	Z=1                                     	
0000134F	libhello_jni.so:std::string:::17988208825801258123+67C	B.EQ            loc_73A6951524  	                                        	
0000134F	libhello_jni.so:loc_73A6951524	LDR             W2, [X19]       	X2=0000000000000000                     	
0000134F	libhello_jni.so:std::string:::17988208825801258123+984	LDR             W3, [X20]       	X3=0000000000000000                     	
0000134F	libhello_jni.so:std::string:::17988208825801258123+988	MOV             W8, #0xC686     	X8=000000000000C686                     	
0000134F	libhello_jni.so:std::string:::17988208825801258123+98C	MOVK            W8, #0xCAA5,LSL#16	X8=00000000CAA5C686                     	
0000134F	libhello_jni.so:std::string:::17988208825801258123+990	SUB             W7, W2, #1      	X7=00000000FFFFFFFF                     	
0000134F	libhello_jni.so:std::string:::17988208825801258123+994	MADD            W2, W7, W2, WZR 	                                        	
0000134F	libhello_jni.so:std::string:::17988208825801258123+998	EOR             W7, W2, #0xFFFFFFFE	X7=00000000FFFFFFFE                     	
0000134F	libhello_jni.so:std::string:::17988208825801258123+99C	TST             W7, W2          	C=0                                     	
0000134F	libhello_jni.so:std::string:::17988208825801258123+9A0	CSET            W2, EQ          	X2=0000000000000001                     	
0000134F	libhello_jni.so:std::string:::17988208825801258123+9A4	CMP             W3, #0xA        	Z=0 N=1                                 	
0000134F	libhello_jni.so:std::string:::17988208825801258123+9A8	CSET            W3, LT          	X3=0000000000000001                     	
0000134F	libhello_jni.so:std::string:::17988208825801258123+9AC	AND             W7, W3, W2      	X7=0000000000000001                     	
0000134F	libhello_jni.so:std::string:::17988208825801258123+9B0	EOR             W2, W3, W2      	X2=0000000000000000                     	
0000134F	libhello_jni.so:std::string:::17988208825801258123+9B4	ORR             W2, W7, W2      	X2=0000000000000001                     	
0000134F	libhello_jni.so:std::string:::17988208825801258123+9B8	CMP             W2, #0          	C=1 N=0                                 	
0000134F	libhello_jni.so:std::string:::17988208825801258123+9BC	CSEL            W7, W8, W14, NE 	X7=00000000CAA5C686                     	
0000134F	libhello_jni.so:std::string:::17988208825801258123+9C0	B               loc_73A6951154  	                                        	
0000134F	libhello_jni.so:loc_73A6951154	CMP             W7, W22         	C=0 N=1                                 	
0000134F	libhello_jni.so:std::string:::17988208825801258123+5B4	B.GT            loc_73A6951198  	                                        	
0000134F	libhello_jni.so:std::string:::17988208825801258123+5B8	CMP             W7, W23         	C=1 N=0                                 	
0000134F	libhello_jni.so:std::string:::17988208825801258123+5BC	B.LE            loc_73A695120C  	                                        	
0000134F	libhello_jni.so:std::string:::17988208825801258123+5C0	CMP             W7, W27         	C=0 N=1                                 	
0000134F	libhello_jni.so:std::string:::17988208825801258123+5C4	B.LE            loc_73A6951238  	                                        	
0000134F	libhello_jni.so:loc_73A6951238	CMP             W7, W12         	C=1 N=0                                 	
0000134F	libhello_jni.so:std::string:::17988208825801258123+698	B.EQ            loc_73A6951114  	                                        	
0000134F	libhello_jni.so:std::string:::17988208825801258123+69C	MOV             W8, #0xA858     	X8=000000000000A858                     	
0000134F	libhello_jni.so:std::string:::17988208825801258123+6A0	MOVK            W8, #0xCAC9,LSL#16	X8=00000000CAC9A858                     	
0000134F	libhello_jni.so:std::string:::17988208825801258123+6A4	CMP             W7, W8          	C=0 N=1                                 	
0000134F	libhello_jni.so:std::string:::17988208825801258123+6A8	B.EQ            loc_73A6951568  	                                        	
0000134F	libhello_jni.so:std::string:::17988208825801258123+6AC	MOV             W8, #0xC686     	X8=000000000000C686                     	
0000134F	libhello_jni.so:std::string:::17988208825801258123+6B0	MOVK            W8, #0xCAA5,LSL#16	X8=00000000CAA5C686                     	
0000134F	libhello_jni.so:std::string:::17988208825801258123+6B4	CMP             W7, W8          	C=1 Z=1 N=0                             	
0000134F	libhello_jni.so:std::string:::17988208825801258123+6B8	B.NE            loc_73A6951154  	                                        	
0000134F	libhello_jni.so:std::string:::17988208825801258123+6BC	B               loc_73A69516A4  	                                        	
0000134F	libhello_jni.so:loc_73A69516A4	LDUR            X8, [X29,#-0xA8]	X8=0000007439826020                     	
0000134F	libhello_jni.so:std::string:::17988208825801258123+B04	LDR             X8, [X8,#0x28]  	X8=A83206868A9276E2                     	
0000134F	libhello_jni.so:std::string:::17988208825801258123+B08	LDUR            X9, [X29,#-0x58]	X9=A83206868A9276E2                     	
0000134F	libhello_jni.so:std::string:::17988208825801258123+B0C	CMP             X8, X9          	                                        	
0000134F	libhello_jni.so:std::string:::17988208825801258123+B10	B.NE            loc_73A69516D8  	                                        	
0000134F	libhello_jni.so:std::string:::17988208825801258123+B14	SUB             SP, X29, #0x50  	SP=0000007FE7462490                     	
0000134F	libhello_jni.so:std::string:::17988208825801258123+B18	LDP             X29, X30, [SP,#0x50]	X29=0000007FE74625B0 X30=00000073A6947A00 	
0000134F	libhello_jni.so:std::string:::17988208825801258123+B1C	LDP             X20, X19, [SP,#0x40]	X19=000000003EF76E31 X20=0000000037B46FA6 	
0000134F	libhello_jni.so:std::string:::17988208825801258123+B20	LDP             X22, X21, [SP,#0x30]	X21=00000073A697B7D8 X22=00000073A697B854 	
0000134F	libhello_jni.so:std::string:::17988208825801258123+B24	LDP             X24, X23, [SP,#0x20]	X23=00000000F7CE9AAF X24=0000000068072EC4 	
0000134F	libhello_jni.so:std::string:::17988208825801258123+B28	LDP             X26, X25, [SP,#0x10]	X25=00000000DF484FD9 X26=00000000463452AB 	
